,price
0,428.0
1,194.0
2,235.0
3,130.0
4,148.0
5,413.0
6,368.0
8,167.0
9,85.0
10,210.0
12,225.0
13,100.0
14,93.0
15,180.0
16,50.0
17,131.0
18,210.0
19,88.5
20,86.0
21,85.0
22,175.0
24,85.0
26,75.0
27,50.75
28,40.25
29,47.25
30,47.25
31,41.0
32,69.0
33,47.25
34,40.25
35,220.0
36,451.0
37,450.0
38,200.0
39,225.0
40,230.0
41,56.0
42,70.0
43,69.0
44,48.0
45,130.0
46,300.0
47,60.0
48,52.5
49,62.8
50,63.0
51,100.0
52,60.0
53,100.0
55,110.0
56,30.0
57,65.0
58,62.8
59,48.0
60,75.0
61,23.5
62,51.0
66,57.0
67,68.0
68,61.8
69,170.0
70,53.0
71,54.0
72,42.0
73,57.0
75,60.0
76,74.0
77,80.0
78,250.0
79,100.0
80,65.0
81,200.0
82,63.0
83,60.0
84,80.0
85,200.0
86,131.0
87,135.0
88,75.0
89,88.0
90,72.0
91,93.0
92,100.0
93,150.0
94,94.0
95,82.0
96,95.0
97,160.0
98,71.0
99,46.0
100,50.49
101,100.0
102,49.98
103,96.0
104,120.0
105,69.0
106,72.0
110,115.0
111,83.0
113,188.0
114,190.0
117,110.0
118,140.0
119,120.0
120,150.0
121,120.0
122,82.5
125,90.0
126,75.0
127,89.13
128,73.0
129,100.0
131,50.0
132,87.0
134,110.0
135,42.0
136,117.0
137,150.0
138,61.33
139,53.0
140,125.0
141,135.0
142,59.0
143,155.0
144,61.0
145,100.0
146,110.0
147,62.5
148,70.65
149,75.0
151,125.0
152,97.0
153,65.0
154,60.0
155,120.0
156,117.0
157,77.0
158,75.0
159,75.0
160,95.0
161,130.0
162,68.0
163,60.0
164,125.0
165,77.47
166,80.0
168,122.0
169,85.0
170,130.0
171,77.44
172,112.0
174,150.0
175,145.0
176,110.0
177,118.0
178,88.0
179,102.0
180,110.0
182,47.0
183,50.0
184,60.0
186,102.0
187,60.0
188,57.0
189,90.0
190,108.0
191,54.005
192,29.9
194,42.47
196,73.31
197,55.0
198,43.91
199,80.0
200,130.0
201,38.0
202,34.5
203,35.0
205,42.47
206,31.0
207,35.0
208,92.0
209,39.33
210,40.9
211,72.02
212,90.0
213,30.0
214,36.94
215,35.0
216,43.55
218,83.0
219,115.0
221,43.55
223,62.0
224,59.0
225,44.0
226,33.0
227,95.0
228,59.0
229,80.0
230,165.0
231,75.0
234,48.0
236,80.0
238,50.0
240,65.0
241,37.0
242,45.0
243,290.0
244,56.0
245,42.0
246,50.0
247,43.0
248,37.0
249,39.0
250,27.0
251,20.0
252,71.0
253,93.0
254,60.0
255,80.0
256,80.0
257,32.0
258,52.36
259,88.0
260,88.0
262,90.0
265,45.0
267,300.0
269,35.0
270,69.0
271,45.0
272,42.0
273,65.0
274,55.0
275,64.0
276,60.0
277,55.0
279,40.39
280,68.0
281,30.0
282,35.0
283,32.54
284,39.59
285,19.82
287,41.82
288,40.39
289,81.0
290,32.54
291,46.33
292,32.6
293,150.0
294,38.92
295,41.0
296,40.8
297,40.8
298,57.0
299,54.0
300,58.0
301,85.1
302,120.0
303,75.0
304,85.0
306,80.0
307,85.0
308,85.5
309,60.0
310,95.0
311,90.0
312,75.0
313,73.0
314,60.0
315,50.0
316,60.0
317,85.0
319,93.0
320,98.0
321,68.8
322,85.0
323,67.0
324,55.0
326,90.0
327,75.0
328,88.0
329,84.0
330,100.0
332,87.0
333,54.0
334,85.0
335,52.0
336,95.0
337,48.0
338,102.0
339,66.0
340,68.0
341,51.0
342,73.0
343,95.0
344,45.0
345,75.0
346,110.0
347,80.0
348,66.25
349,79.0
350,120.0
352,66.25
353,77.0
357,80.0
358,112.0
359,43.82
360,76.0
361,58.5
362,100.0
363,112.0
364,80.0
365,130.0
366,90.0
367,169.0
368,120.0
369,139.0
370,126.0
371,119.0
372,90.0
373,125.0
374,290.0
375,120.0
376,130.0
377,120.0
378,86.0
379,255.0
380,95.0
381,120.0
382,129.0
383,121.0
384,125.0
385,122.0
386,120.0
387,125.0
388,121.0
389,94.0
390,150.0
391,40.0
392,55.0
393,135.0
394,45.0
395,60.0
396,45.0
397,55.0
401,85.0
402,55.0
403,79.0
404,50.0
405,65.0
406,75.0
407,175.0
408,90.0
409,42.0
410,19.5
411,43.76
412,55.0
413,42.79
415,67.0
416,58.0
417,43.1
418,42.75
419,48.0
420,90.0
421,42.9
423,45.0
424,43.16
425,58.0
426,66.0
427,74.0
428,50.0
429,50.0
431,14.0
432,31.5
433,24.55
434,14.0
435,22.5
436,26.0
437,36.0
438,35.0
439,37.0
440,14.0
441,29.7
442,25.99
443,25.26
444,54.0
445,25.5
446,27.0
447,36.0
449,42.0
450,25.0
451,25.0
452,25.99
453,26.85
454,14.0
455,38.0
456,24.8
458,22.0
459,22.0
460,16.5
461,40.0
462,18.0
463,68.0
465,16.0
466,38.3
467,34.0
471,36.0
472,28.0
473,45.0
474,23.5
475,45.0
478,11.5
479,15.0
482,95.0
486,12.5
487,28.0
488,52.0
489,25.0
490,86.0
491,39.0
492,121.0
493,37.0
494,40.0
495,45.0
496,25.0
498,32.0
499,55.0
500,87.54
501,30.13
502,30.0
503,100.0
504,200.0
505,160.0
506,100.0
507,205.0
508,95.0
509,140.0
510,92.0
511,150.0
513,70.0
514,105.0
515,82.0
516,140.0
517,82.0
518,67.0
519,95.0
520,89.0
521,92.0
522,140.0
523,40.0
524,95.0
525,55.0
526,28.0
527,108.0
528,55.0
529,50.0
530,142.0
531,60.0
532,44.5
533,11.0
534,52.8
535,25.0
536,11.0
537,12.0
538,14.0
539,17.0
540,95.0
541,10.25
542,17.0
544,12.0
545,42.0
546,10.0
547,25.0
548,25.0
549,120.0
550,12.5
554,19.55
556,25.0
557,11.5
558,13.0
559,11.5
560,42.0
561,11.5
563,10.0
564,65.0
565,10.25
566,25.0
567,90.0
568,15.0
569,55.0
571,45.0
572,225.0
574,65.0
575,67.0
576,228.0
579,65.0
580,185.0
581,52.0
582,170.0
583,80.0
584,70.0
586,48.0
587,80.0
588,70.0
589,58.0
590,416.0
591,55.0
592,220.0
593,325.0
594,360.0
595,56.0
596,75.0
597,172.0
598,90.0
599,70.0
600,47.0
601,46.0
603,345.0
604,63.0
605,165.0
606,81.0
607,75.0
608,79.0
609,51.5
610,46.5
611,112.0
612,75.0
613,78.0
614,20.0
615,56.81
616,99.0
619,66.0
621,75.0
622,46.0
623,57.0
625,45.0
626,45.9
628,53.0
629,40.0
630,65.0
631,55.99
632,38.0
634,33.84
635,38.95
636,34.0
637,58.0
638,94.55
639,81.0
640,115.0
641,94.55
642,81.0
643,94.55
644,115.0
645,115.0
646,115.0
647,80.9
648,72.0
649,78.5
650,41.9
653,68.38
654,81.0
655,65.0
657,74.0
658,83.0
659,45.0
660,43.0
662,64.0
663,62.0
664,67.0
665,66.0
668,34.18
671,42.295
672,65.0
673,38.77
674,39.0
675,41.0
676,82.0
677,34.77
678,73.87
679,70.0
680,68.0
682,79.0
683,68.0
685,37.64
686,88.64
687,75.0
688,115.0
689,63.0
691,80.0
692,135.0
693,170.0
694,75.0
695,46.79
697,83.0
699,78.0
700,78.0
701,125.0
702,40.79
703,63.98
704,36.44
705,200.0
706,86.0
707,70.0
708,60.0
709,80.0
710,65.0
711,101.0
713,75.0
714,90.0
715,60.0
716,45.0
717,77.0
718,49.0
719,67.0
720,50.0
721,90.75
722,101.0
723,80.43
724,27.0
725,87.8
726,42.83
728,80.0
729,115.0
730,125.0
731,41.13
733,50.75
734,108.0
735,125.0
738,74.52
739,63.0
740,40.79
741,75.0
743,85.0
744,150.0
745,150.0
746,120.0
747,510.0
748,59.52
749,110.0
750,95.0
751,300.0
752,100.0
753,425.0
754,450.0
755,198.0
756,125.0
757,58.7
758,58.4
759,118.0
760,240.0
761,68.0
763,59.0
764,60.0
765,42.0
766,59.0
767,75.48
768,59.0
769,111.0
770,150.0
771,50.0
772,100.0
773,147.0
774,95.0
775,58.5
776,49.0
777,35.77
778,61.0
779,47.57
780,51.98
781,51.35
782,47.57
783,49.0
784,48.51
785,41.5
786,59.935
787,190.0
788,89.0
789,195.0
790,59.0
791,59.47
792,71.73
793,69.46
794,70.385
795,200.0
796,53.0
797,55.0
798,60.0
799,73.0
800,140.0
801,80.0
802,38.0
803,60.0
805,35.0
806,73.0
807,52.0
808,57.0
809,70.0
810,64.8
811,59.5
812,140.0
813,250.0
814,110.0
815,195.0
816,66.0
817,70.0
818,73.2
819,87.0
820,124.0
821,150.0
822,18.5
823,65.0
824,66.0
825,33.32
826,95.0
827,120.0
829,90.0
831,66.02
832,58.935
833,45.0
835,78.0
837,50.0
838,100.0
839,55.0
841,75.0
843,31.83
844,51.0
845,65.26
847,82.0
849,122.0
850,55.0
851,73.0
853,65.12
855,100.0
856,95.0
857,65.0
858,39.0
860,70.0
862,40.0
863,65.0
865,39.0
867,110.0
868,150.0
870,38.0
871,80.0
872,78.0
874,83.22
876,48.0
877,61.0
878,48.0
879,260.0
880,69.0
881,76.0
882,67.73
883,65.0
884,65.0
885,125.0
887,84.29
889,69.0
890,87.0
891,195.0
894,58.0
895,130.0
896,73.0
898,71.0
900,68.0
901,68.0
902,115.0
904,89.0
905,60.16
907,35.0
908,68.0
909,76.18
910,78.0
911,79.465
913,90.0
914,47.39
915,49.49
916,94.0
917,65.0
918,50.0
919,120.0
920,45.0
922,80.0
923,85.0
924,125.0
925,81.0
926,148.0
927,61.0
928,47.0
929,44.5
930,48.0
931,105.0
933,44.0
934,115.0
937,96.0
938,78.0
939,125.0
941,78.0
942,31.2
945,58.0
947,122.0
948,180.0
950,45.0
951,80.0
952,73.0
953,120.0
955,61.74
956,95.0
957,53.0
958,55.0
959,65.0
960,110.0
961,35.0
962,47.35
963,85.0
964,45.0
965,57.0
966,142.0
969,105.0
970,260.0
971,160.0
972,145.0
974,195.0
975,93.0
977,103.0
980,124.0
982,120.0
984,250.0
985,415.0
986,145.0
987,90.0
988,310.0
989,80.0
990,60.0
991,150.0
992,85.0
993,70.0
994,65.0
995,89.61
996,50.0
997,97.42
998,100.0
999,43.0
1000,45.0
1001,94.36
1002,62.0
1003,43.0
1004,82.89
1005,90.0
1007,38.37
1008,104.0
1009,103.0
1010,49.0
1012,59.0
1013,75.0
1014,63.0
1015,47.1
1016,74.0
1017,185.0
1018,55.0
1019,65.0
1020,65.0
1021,60.0
1022,40.0
1023,70.0
1024,44.0
1025,46.8
1026,44.0
1027,65.0
1029,59.76
1030,43.2
1031,44.08
1032,45.0
1033,60.0
1034,53.0
1035,37.8
1036,40.59
1037,46.62
1038,58.14
1040,70.0
1041,42.0
1042,39.06
1043,45.0
1044,55.0
1045,52.17
1047,74.4
1048,46.0
1049,42.92
1050,52.17
1052,59.76
1053,42.0
1055,53.58
1056,45.0
1057,42.6
1058,42.0
1059,42.69
1060,57.91
1061,45.6
1062,43.13
1063,36.54
1065,44.4
1067,39.69
1068,118.0
1069,44.0
1071,42.0
1074,42.0
1075,45.88
1076,50.0
1078,44.0
1080,42.6
1081,57.91
1082,44.4
1083,36.54
1084,43.75
1085,44.73
1086,42.0
1087,54.99
1088,103.0
1089,66.0
1090,76.0
1091,50.0
1092,74.0
1093,40.0
1095,98.0
1097,168.0
1098,85.0
1099,88.0
1100,60.0
1101,82.0
1102,56.0
1103,79.0
1104,57.0
1105,230.0
1106,85.0
1107,51.0
1108,72.0
1109,260.0
1110,72.0
1111,35.11
1112,118.0
1113,60.0
1115,65.0
1116,62.0
1117,59.0
1118,35.11
1120,100.0
1121,55.0
1122,37.28
1123,59.0
1124,58.0
1125,59.99
1126,65.0
1127,87.0
1129,52.0
1130,120.0
1131,48.0
1132,85.0
1133,37.28
1134,90.0
1135,109.0
1136,35.11
1137,245.0
1138,46.79
1139,69.44
1140,45.0
1142,92.0
1143,35.0
1144,60.0
1146,101.0
1147,105.0
1148,115.0
1149,135.0
1150,51.0
1152,63.0
1153,110.0
1155,47.39
1156,62.0
1160,47.0
1162,48.0
1163,116.0
1164,40.0
1165,45.0
1166,90.0
1168,52.0
1169,115.0
1171,83.5
1172,90.0
1173,75.0
1174,40.0
1175,47.0
1176,350.0
1177,650.0
1178,470.0
1179,120.0
1180,140.0
1181,550.0
1182,270.0
1183,280.0
1184,280.0
1185,68.0
1186,70.0
1187,59.0
1188,74.0
1189,68.0
1191,56.7
1192,69.0
1193,55.86
1194,99.0
1197,75.97
1198,75.97
1199,126.0
1200,75.97
1204,127.0
1206,75.97
1207,129.0
1208,128.0
1209,75.97
1210,185.0
1214,75.97
1215,64.47
1216,75.97
1217,170.0
1219,68.32
1220,69.9
1221,170.0
1222,115.0
1224,52.5
1226,79.89
1228,120.0
1230,62.0
1232,52.0
1233,62.0
1234,150.0
1235,225.0
1236,58.11
1237,110.0
1238,65.0
1239,56.0
1241,134.0
1242,122.0
1243,50.75
1244,234.0
1245,54.0
1246,62.0
1247,122.0
1248,280.0
1249,139.0
1250,150.0
1251,164.0
1252,147.0
1253,48.0
1255,46.0
1258,45.0
1260,33.0
1261,45.0
1262,37.0
1265,29.0
1266,47.0
1267,32.0
1268,50.0
1269,52.0
1270,46.0
1271,42.0
1272,37.0
1273,43.0
1274,32.0
1275,52.0
1276,50.0
1278,33.0
1279,33.0
1280,30.0
1283,43.0
1284,45.0
1285,55.5
1286,47.0
1287,48.0
1289,45.0
1290,44.0
1291,27.0
1292,42.0
1293,32.0
1295,34.0
1296,140.0
1297,19.5
1298,25.0
1299,44.0
1302,90.0
1303,45.0
1304,46.0
1305,55.0
1307,85.0
1308,50.0
1309,40.0
1310,53.0
1311,54.0
1312,49.36
1313,46.0
1314,41.0
1315,41.73
1316,40.0
1317,30.0
1318,37.46
1319,41.43
1320,50.28
1322,40.0
1323,35.0
1324,35.28
1325,39.77
1326,35.0
1327,40.89
1328,37.2
1329,32.0
1330,50.0
1331,90.0
1332,45.0
1334,29.0
1335,52.81
1336,30.0
1337,49.36
1338,52.82
1339,37.97
1340,40.0
1341,53.96
1342,31.48
1344,40.44
1345,38.13
1347,29.45
1348,33.64
1349,31.48
1351,28.88
1352,29.45
1353,33.51
1354,32.49
1357,32.49
1358,32.64
1359,30.75
1360,125.0
1361,145.0
1362,135.0
1363,135.0
1364,128.0
1365,250.0
1366,135.0
1367,96.0
1368,140.0
1369,69.0
1370,70.0
1374,240.0
1375,105.0
1376,152.0
1377,75.0
1378,80.0
1379,70.0
1380,85.0
1382,48.0
1385,55.0
1386,140.0
1387,66.5
1388,175.0
1389,50.0
1390,55.0
1391,75.0
1392,49.0
1393,56.0
1394,95.0
1395,115.0
1396,94.0
1398,72.0
1400,115.0
1402,149.0
1404,84.5
1405,70.0
1406,90.0
1408,140.0
1409,56.4
1410,59.9
1411,103.0
1412,57.0
1413,57.0
1414,62.0
1415,56.8
1416,56.85
1419,35.0
1420,93.0
1421,85.0
1422,70.0
1424,60.0
1426,93.0
1428,58.0
1429,85.0
1430,92.0
1431,54.3
1433,65.0
1434,35.4
1435,56.7
1437,56.5
1438,83.0
1439,34.0
1441,58.0
1442,60.0
1443,99.0
1444,56.725
1447,95.0
1449,95.5
1450,56.0
1451,34.545
1452,56.5
1453,58.0
1454,88.0
1455,56.55
1456,56.5
1457,60.0
1459,55.0
1460,55.0
1461,37.0
1462,49.0
1463,98.0
1464,47.5
1465,126.0
1466,50.0
1468,60.0
1469,85.0
1470,85.0
1471,58.0
1472,61.0
1474,55.0
1475,65.0
1476,50.0
1477,95.0
1478,50.0
1479,46.0
1480,78.0
1481,78.0
1482,38.0
1484,62.0
1485,120.0
1486,170.0
1487,180.0
1488,162.0
1489,211.0
1490,85.0
1491,98.91
1492,52.0
1493,40.0
1494,45.0
1495,115.0
1496,17.0
1497,16.45
1498,16.45
1500,25.88
1501,11.66
1502,45.0
1504,32.0
1505,27.68
1506,15.135
1507,25.88
1509,33.0
1512,25.4
1513,13.57
1514,16.45
1515,13.86
1517,25.88
1518,43.0
1519,14.04
1520,36.0
1521,24.86
1522,16.45
1523,25.12
1524,16.45
1525,24.86
1526,19.0
1528,32.0
1529,42.0
1530,29.5
1531,16.45
1533,16.45
1534,30.0
1535,27.68
1536,24.86
1537,25.0
1538,16.45
1539,25.29
1541,25.65
1542,36.0
1543,16.45
1544,36.0
1546,19.9
1551,25.12
1553,27.68
1555,25.88
1556,39.5
1557,30.47
1558,38.0
1559,25.88
1560,30.0
1562,35.0
1563,24.86
1564,14.04
1567,42.0
1568,10.0
1569,25.12
1570,16.45
1571,16.45
1572,36.0
1573,22.0
1574,28.47
1576,14.04
1578,38.34
1579,35.0
1580,90.0
1581,33.45
1582,34.5
1583,180.0
1584,40.0
1585,67.77
1586,35.5
1587,55.0
1588,41.0
1589,40.47
1591,38.0
1592,35.0
1593,34.0
1594,40.0
1595,36.0
1596,36.0
1597,35.0
1598,89.45
1599,51.83
1600,37.0
1601,35.8
1602,61.95
1604,36.28
1605,67.77
1606,56.0
1607,38.0
1608,46.13
1609,36.0
1610,44.41
1611,32.0
1612,120.0
1613,120.0
1614,80.27
1615,135.0
1616,150.0
1617,99.0
1618,105.0
1619,95.0
1620,120.0
1621,136.0
1622,125.0
1623,40.0
1624,80.0
1625,25.0
1626,80.0
1627,97.0
1628,65.0
1629,38.0
1630,46.0
1631,110.0
1633,50.0
1634,49.0
1635,52.8
1637,128.0
1638,50.0
1639,48.0
1640,80.0
1641,42.8
1645,46.76
1648,45.48
1649,50.0
1652,45.0
1653,47.42
1656,59.0
1657,72.0
1660,50.0
1661,57.0
1662,77.0
1665,63.0
1666,75.0
1667,50.0
1668,59.0
1669,65.0
1670,105.0
1671,36.0
1672,210.0
1674,45.0
1675,71.22
1676,62.0
1678,78.0
1679,46.0
1680,50.0
1682,50.0
1683,450.0
1684,239.0
1685,200.0
1686,111.0
1687,415.0
1688,310.0
1689,375.0
1690,90.0
1691,250.0
1692,150.0
1693,100.0
1694,140.0
1695,150.0
1696,95.0
1697,120.0
1698,72.0
1699,58.0
1700,140.0
1701,1250.0
1702,864.0
1703,800.0
1704,763.0
1705,501.0
1706,662.0
1707,800.0
1709,501.0
1710,1800.0
1711,560.0
1712,37.0
1713,40.0
1714,42.5
1716,42.0
1717,65.0
1718,68.0
1719,31.15
1720,41.0
1721,43.7
1722,65.0
1724,70.0
1725,120.0
1726,52.0
1727,60.0
1728,78.56
1729,62.0
1730,66.78
1731,68.52
1732,65.0
1733,85.0
1734,51.0
1735,53.35
1736,100.0
1739,59.0
1740,34.0
1741,26.91
1742,28.57
1743,52.0
1744,88.2
1745,79.15
1746,77.59
1747,39.0
1748,49.87
1749,48.0
1750,85.0
1752,65.0
1753,107.0
1754,56.45
1755,62.425
1756,26.91
1758,58.0
1762,40.0
1763,83.0
1764,40.0
1765,24.0
1766,58.0
1767,65.0
1768,43.0
1769,36.0
1770,76.0
1771,58.0
1772,75.0
1773,47.0
1774,40.0
1776,55.0
1777,28.0
1778,60.0
1779,121.0
1780,50.0
1781,132.0
1782,48.0
1783,135.0
1784,41.15
1785,71.0
1786,46.0
1787,45.0
1788,56.0
1790,46.5
1791,125.0
1792,41.16
1793,46.75
1794,50.0
1795,58.0
1796,41.18
1797,60.0
1798,71.0
1799,79.0
1800,45.0
1801,52.0
1802,80.0
1803,325.0
1804,300.0
1805,195.0
1806,142.0
1807,200.0
1808,49.0
1809,270.0
1810,40.39
1815,40.39
1816,42.87
1817,40.4
1818,41.0
1819,42.87
1820,33.0
1821,32.0
1822,25.0
1823,42.0
1824,65.0
1826,17.0
1827,33.5
1828,39.0
1829,32.0
1830,25.5
1831,62.0
1832,32.0
1833,50.0
1834,30.0
1836,45.0
1837,50.0
1838,32.9
1839,65.0
1840,44.0
1841,40.0
1842,85.0
1843,17.0
1844,90.0
1845,150.0
1846,86.0
1847,55.0
1848,85.0
1849,150.0
1850,135.0
1851,165.0
1852,285.0
1853,70.0
1854,70.0
1855,285.0
1856,120.0
1857,125.0
1858,95.0
1859,145.0
1860,80.0
1861,180.0
1862,235.0
1863,180.0
1864,22.14
1866,56.0
1867,50.0
1868,68.0
1870,43.5
1871,40.0
1872,43.5
1873,25.4
1874,19.9
1875,32.9
1876,102.0
1877,82.0
1878,162.0
1879,92.5
1880,86.98
1881,93.36
1883,102.0
1884,69.0
1885,65.0
1886,125.0
1888,86.0
1889,163.0
1890,130.0
1891,165.0
1892,177.0
1895,47.0
1898,64.5
1899,60.0
1900,64.5
1902,36.0
1903,52.0
1904,46.0
1905,27.0
1907,40.0
1908,63.0
1909,65.0
1910,95.0
1911,34.65
1912,63.0
1913,99.0
1916,55.0
1917,41.0
1919,68.75
1920,73.3
1921,71.0
1923,56.93
1924,102.0
1925,65.49
1928,56.1
1929,120.0
1930,45.0
1931,65.65
1932,42.0
1934,42.0
1936,75.0
1937,40.0
1938,64.0
1939,54.0
1941,89.0
1942,50.0
1943,39.5
1945,72.0
1947,65.35
1948,65.0
1949,34.0
1953,91.84
1954,70.0
1956,54.5
1958,58.0
1961,75.0
1963,68.0
1964,35.0
1965,70.5
1967,105.0
1971,104.0
1973,100.0
1977,65.0
1978,60.0
1979,65.5
1980,59.0
1981,65.75
1983,55.0
1984,58.0
1985,54.1
1990,78.0
1991,59.32
1992,90.0
1993,19.5
1994,100.0
1996,58.0
1998,101.0
2000,12.0
2001,40.0
2002,78.25
2003,79.0
2006,67.15
2008,65.7
2010,51.0
2012,100.0
2014,49.0
2016,90.0
2018,58.0
2019,54.0
2020,75.0
2022,52.0
2023,119.0
2028,60.0
2029,78.0
2030,47.0
2031,65.0
2032,70.93
2038,104.0
2039,53.9
2040,54.0
2041,21.0
2042,77.5
2043,80.0
2044,67.0
2047,22.0
2049,50.0
2050,39.9
2052,64.0
2053,13.31
2055,13.5
2056,53.0
2059,83.0
2061,66.0
2062,110.0
2066,65.58
2067,28.0
2068,65.4
2071,72.9
2075,35.0
2077,40.0
2080,63.0
2081,40.5
2084,22.0
2086,48.0
2088,70.0
2089,28.0
2090,65.45
2091,40.0
2096,58.0
2099,33.7
2103,90.0
2104,55.0
2105,85.5
2106,85.0
2107,27.0
2108,50.0
2110,55.0
2111,72.0
2112,70.0
2113,38.0
2118,92.59
2119,62.0
2122,12.0
2123,64.8
2126,55.0
2127,40.42
2130,63.43
2131,75.0
2132,31.48
2135,55.0
2137,75.0
2139,67.0
2140,57.0
2141,90.0
2143,35.0
2144,55.0
2145,60.0
2150,97.0
2152,68.0
2154,73.0
2155,48.0
2156,90.0
2158,63.5
2159,29.0
2162,94.5
2163,48.0
2164,54.0
2165,70.0
2166,64.5
2168,134.0
2170,73.0
2171,64.99
2172,52.0
2173,39.07
2174,30.6
2175,45.0
2176,28.35
2178,25.0
2179,28.34
2180,98.88
2182,38.0
2183,59.0
2184,28.88
2187,44.0
2189,55.0
2190,40.6
2191,56.35
2193,62.78
2194,33.5
2195,30.75
2196,61.25
2198,28.88
2199,100.0
2200,40.0
2202,32.5
2205,50.0
2206,52.47
2207,45.0
2210,33.06
2211,32.67
2212,55.0
2213,65.8
2215,33.5
2216,45.0
2217,260.0
2218,37.0
2219,29.25
2220,28.88
2221,28.88
2222,28.88
2223,30.29
2224,53.0
2226,30.88
2228,80.0
2229,56.13
2231,26.0
2232,33.84
2233,61.26
2234,65.0
2235,32.49
2237,69.0
2239,32.92
2240,40.0
2241,46.0
2242,47.0
2244,32.0
2245,97.0
2246,27.43
2247,26.65
2248,29.45
2249,28.88
2251,28.5
2252,32.49
2253,34.65
2254,52.2
2255,55.0
2256,33.51
2259,40.0
2260,33.51
2262,31.48
2263,32.92
2264,35.0
2265,57.0
2266,92.0
2267,28.0
2268,33.5
2269,29.6
2270,22.8
2271,105.0
2272,67.0
2274,32.63
2275,34.0
2278,65.0
2279,46.0
2280,65.0
2281,33.64
2283,50.35
2284,16.75
2285,49.82
2286,30.76
2287,30.75
2288,33.06
2289,26.5
2290,34.65
2291,54.48
2295,78.29
2296,78.8
2297,53.0
2298,84.0
2305,56.0
2307,80.91
2308,46.0
2309,82.0
2310,75.0
2311,55.0
2312,57.0
2313,42.41
2314,27.0
2315,49.0
2316,67.0
2317,55.0
2319,71.0
2321,49.8
2322,26.0
2323,68.0
2325,72.54
2326,16.9
2327,32.0
2328,64.98
2329,21.0
2330,59.76
2331,54.0
2332,65.0
2333,82.0
2335,40.0
2339,93.0
2340,60.0
2341,62.0
2342,79.0
2343,48.0
2344,44.0
2345,67.0
2346,51.0
2348,60.0
2350,67.0
2351,30.12
2352,60.0
2353,180.0
2354,95.45
2355,185.0
2356,150.0
2358,200.0
2359,330.0
2360,285.0
2361,140.0
2362,145.0
2363,265.0
2364,260.0
2365,288.0
2366,341.0
2368,140.0
2369,154.0
2370,220.0
2371,341.0
2372,345.0
2373,400.0
2374,400.0
2375,105.0
2376,325.0
2377,180.0
2378,100.0
2379,120.0
2380,86.0
2381,47.0
2382,48.95
2383,65.0
2384,65.0
2385,64.0
2386,70.0
2387,70.0
2388,60.8
2389,48.7
2390,52.75
2391,59.5
2392,60.6
2393,59.5
2394,52.8
2395,52.8
2396,48.5
2397,52.5
2398,60.8
2399,48.66
2400,52.0
2401,51.8
2403,400.0
2404,252.0
2405,240.0
2406,400.0
2407,375.0
2408,400.0
2409,750.0
2410,34.5
2411,62.0
2412,34.5
2413,54.0
2414,36.5
2415,60.0
2416,60.0
2417,86.0
2418,56.0
2419,50.0
2420,40.0
2421,45.0
2422,82.5
2423,63.0
2425,65.0
2426,38.0
2427,48.5
2428,26.0
2430,65.0
2431,70.0
2432,72.0
2433,26.0
2434,40.0
2435,63.0
2436,64.0
2437,35.0
2438,35.0
2441,62.0
2442,45.0
2444,120.0
2445,52.0
2446,50.0
2447,63.0
2448,40.0
2449,61.0
2450,56.58
2451,40.0
2452,132.0
2453,72.0
2454,36.25
2455,59.0
2456,50.0
2457,120.0
2458,230.0
2459,105.0
2460,230.0
2461,56.8
2462,60.0
2463,115.0
2464,115.0
2465,130.0
2466,105.0
2467,105.0
2468,95.0
2469,125.0
2470,110.0
2471,100.0
2472,218.0
2474,120.0
2475,115.0
2476,105.0
2477,135.0
2478,120.0
2479,105.0
2480,115.0
2481,105.0
2482,105.0
2483,125.0
2484,75.0
2485,112.0
2486,82.0
2487,104.0
2488,115.0
2489,110.0
2490,71.0
2491,141.0
2492,70.0
2493,80.0
2494,80.0
2496,49.5
2497,46.0
2498,125.0
2500,43.0
2501,66.0
2502,75.0
2503,95.0
2504,49.11
2505,44.0
2506,40.0
2507,60.0
2508,41.0
2511,43.48
2512,62.63
2513,51.0
2514,40.0
2515,52.76
2516,62.63
2517,62.63
2518,90.0
2519,44.5
2520,60.0
2521,300.0
2522,145.0
2523,500.0
2524,500.0
2525,200.0
2526,95.0
2527,120.0
2528,60.0
2529,49.0
2530,125.0
2531,90.0
2532,60.0
2533,110.0
2534,65.0
2535,115.0
2536,120.0
2537,160.0
2538,95.0
2539,98.0
2541,250.0
2542,75.0
2543,78.0
2544,75.0
2546,90.0
2547,120.0
2548,120.0
2549,68.5
2550,90.0
2552,68.0
2554,75.0
2555,55.0
2556,46.0
2557,61.0
2558,95.0
2560,44.0
2561,110.0
2562,46.0
2563,61.0
2564,46.0
2565,60.0
2566,68.0
2567,115.0
2568,48.0
2569,56.0
2570,98.0
2572,46.0
2573,69.0
2575,46.0
2576,46.0
2577,65.0
2578,46.0
2579,95.0
2580,72.0
2581,46.0
2582,245.0
2583,46.0
2584,46.0
2585,56.0
2586,46.0
2587,44.0
2588,60.0
2589,70.0
2590,46.0
2591,70.0
2592,89.0
2593,60.0
2594,46.0
2595,70.0
2596,44.0
2598,198.0
2600,47.0
2601,53.0
2602,61.0
2604,100.0
2605,46.0
2607,67.38
2608,46.0
2609,44.0
2610,115.0
2611,110.0
2612,47.0
2613,43.0
2614,44.0
2615,46.0
2616,125.0
2617,43.0
2618,110.0
2619,44.0
2620,130.0
2621,73.0
2622,47.0
2623,46.0
2624,110.0
2625,67.38
2626,46.0
2627,240.0
2628,56.0
2629,78.0
2630,44.0
2631,79.0
2632,80.0
2633,68.0
2634,44.0
2636,70.0
2638,46.0
2639,101.0
2640,126.0
2641,56.0
2642,96.0
2643,75.0
2644,125.0
2645,46.0
2646,44.0
2647,160.0
2648,46.0
2649,44.0
2650,105.0
2651,46.0
2652,46.0
2653,90.0
2654,60.0
2655,130.0
2656,90.0
2657,60.0
2658,42.0
2659,62.0
2660,58.0
2661,42.0
2662,43.0
2663,47.0
2664,47.0
2665,90.0
2666,85.0
2667,45.0
2668,44.0
2669,46.0
2670,100.0
2671,73.0
2672,46.0
2673,47.0
2675,96.0
2676,83.05
2677,65.0
2678,100.0
2679,46.0
2680,38.0
2681,46.0
2682,46.0
2683,46.0
2684,43.0
2685,120.0
2686,47.0
2687,47.0
2689,46.0
2690,85.0
2691,95.0
2692,46.0
2693,46.0
2694,46.0
2695,110.0
2696,77.0
2697,78.0
2698,67.48
2699,69.84
2700,46.0
2701,85.0
2702,92.0
2703,75.0
2704,82.0
2705,44.0
2706,46.0
2707,46.0
2708,43.0
2709,75.0
2710,46.0
2711,84.0
2712,67.65
2713,46.0
2714,44.0
2716,90.0
2717,97.0
2718,97.83
2719,46.0
2720,46.0
2721,112.0
2722,77.0
2723,135.0
2726,150.0
2727,69.0
2728,49.0
2729,84.0
2730,132.0
2731,76.0
2732,125.0
2733,85.0
2734,116.0
2735,135.0
2736,124.0
2737,69.0
2738,87.0
2739,115.0
2740,260.0
2741,155.0
2742,133.0
2744,79.0
2745,78.0
2748,52.0
2749,79.0
2750,112.0
2751,75.0
2752,136.0
2753,110.0
2756,133.0
2757,131.0
2758,130.0
2759,140.0
2760,88.0
2761,133.0
2762,55.0
2763,128.0
2764,120.0
2765,82.0
2766,90.0
2767,132.0
2768,75.0
2769,134.0
2770,78.0
2771,89.9
2772,85.0
2773,74.0
2774,78.0
2776,115.0
2778,175.0
2780,77.0
2781,125.0
2782,180.0
2783,56.0
2784,76.0
2786,75.0
2787,117.0
2788,79.9
2789,45.0
2790,225.0
2791,88.0
2792,72.76
2793,123.0
2794,477.0
2796,98.2
2797,212.0
2798,130.0
2799,260.0
2800,134.0
2801,82.0
2802,98.0
2805,127.0
2806,42.72
2807,198.0
2808,189.0
2809,215.0
2810,54.0
2811,55.0
2812,198.0
2813,52.0
2814,230.0
2815,250.0
2816,230.0
2818,50.63
2819,123.0
2821,99.39
2822,365.0
2823,124.0
2824,386.0
2826,99.39
2828,115.0
2829,54.0
2831,180.0
2833,107.0
2834,92.0
2835,49.0
2836,135.0
2837,175.0
2839,230.0
2840,195.0
2841,117.0
2842,88.73
2843,121.0
2844,123.0
2845,198.0
2846,386.0
2847,120.0
2848,90.0
2849,117.0
2852,119.0
2853,95.0
2854,198.0
2856,95.0
2857,61.45
2858,97.8
2860,108.0
2861,90.0
2863,110.0
2864,204.0
2865,62.0
2866,165.0
2867,198.0
2868,100.0
2869,60.0
2870,117.0
2871,95.0
2872,100.0
2874,199.0
2875,140.0
2877,203.0
2878,95.0
2879,104.0
2880,117.0
2881,199.0
2882,97.0
2884,62.0
2885,91.0
2886,195.0
2887,55.0
2889,195.0
2890,52.0
2891,188.0
2892,198.0
2893,113.0
2895,99.39
2897,320.0
2898,69.0
2899,60.0
2900,364.0
2901,97.0
2903,192.0
2904,117.0
2905,134.0
2906,240.0
2907,150.0
2908,189.0
2909,99.26
2910,92.0
2911,198.0
2912,59.0
2913,115.0
2914,359.0
2915,57.0
2916,137.0
2918,155.0
2919,219.0
2920,98.0
2921,370.0
2922,96.8
2923,155.0
2924,175.0
2925,300.0
2926,380.0
2927,200.0
2928,125.0
2929,240.0
2931,102.0
2932,140.0
2934,165.0
2935,125.0
2936,260.0
2937,132.0
2938,108.0
2939,150.0
2940,200.0
2941,220.0
2942,165.0
2943,384.0
2944,170.0
2945,175.0
2947,101.0
2948,210.0
2949,132.0
2950,115.0
2951,56.0
2952,97.0
2953,145.0
2954,83.0
2955,113.0
2956,105.0
2957,140.0
2958,103.0
2959,125.0
2960,75.0
2961,135.0
2962,132.0
2963,125.0
2964,125.0
2965,145.0
2966,119.0
2967,123.0
2968,72.0
2969,115.0
2970,130.0
2971,135.0
2972,130.0
2973,118.0
2974,122.0
2975,104.0
2976,68.0
2977,129.0
2978,160.0
2979,66.0
2980,80.5
2981,52.0
2982,52.32
2983,57.0
2984,57.5
2985,57.0
2986,53.5
2987,60.0
2988,60.0
2989,60.0
2990,48.0
2991,58.0
2992,42.12
2993,54.5
2994,40.6
2996,55.5
2998,50.0
2999,125.0
3000,49.0
3001,135.0
3002,53.5
3003,55.5
3004,44.55
3005,57.5
3006,48.0
3007,48.0
3008,52.32
3009,64.0
3010,102.0
3012,69.0
3013,58.0
3014,62.0
3015,54.5
3016,52.32
3017,52.35
3019,54.5
3020,113.0
3021,84.205
3022,55.5
3023,53.57
3024,56.5
3025,42.73
3026,62.0
3027,140.0
3028,250.0
3029,83.09
3030,63.77
3032,159.0
3033,84.0
3034,120.0
3035,109.0
3036,95.0
3038,149.0
3039,92.0
3040,89.0
3041,42.6
3043,87.0
3044,139.0
3045,101.0
3046,69.61
3047,49.0
3049,160.0
3051,99.27
3052,42.6
3053,83.09
3055,174.0
3056,93.94
3057,123.0
3058,94.5
3059,49.5
3060,86.56
3061,97.0
3062,82.5
3064,59.46
3065,109.0
3066,69.61
3068,170.0
3069,118.0
3070,65.0
3071,96.5
3072,105.0
3073,59.45
3074,125.0
3075,104.0
3076,75.76
3077,50.0
3079,84.18
3080,133.0
3081,89.0
3082,77.88
3083,180.0
3084,110.0
3085,87.0
3086,74.0
3087,66.0
3088,95.0
3090,88.0
3091,175.0
3092,66.0
3094,50.0
3096,168.0
3097,120.0
3098,69.6
3099,73.0
3100,47.0
3101,375.0
3102,54.92
3104,45.0
3105,128.0
3106,87.0
3107,52.23
3108,56.0
3109,84.0
3110,83.0
3111,116.0
3112,120.0
3113,86.69
3114,83.0
3117,97.8
3118,100.0
3119,88.6
3120,69.18
3121,53.0
3122,59.0
3123,129.0
3124,134.0
3125,69.18
3127,105.0
3128,138.0
3129,78.0
3130,154.0
3131,69.61
3132,103.0
3133,80.3
3135,140.0
3136,46.5
3137,69.61
3139,89.56
3140,50.74
3142,77.0
3144,67.0
3145,51.0
3146,80.0
3147,43.4
3148,55.0
3149,56.0
3150,110.0
3153,52.0
3154,80.0
3155,69.18
3156,131.0
3157,67.0
3160,80.0
3161,75.0
3162,110.0
3164,98.32
3168,60.87
3169,50.0
3170,78.0
3171,160.0
3172,71.74
3174,84.0
3175,57.63
3176,114.0
3177,82.0
3179,48.24
3180,69.0
3181,67.9
3182,110.0
3184,71.03
3185,75.0
3187,65.0
3189,74.23
3190,68.5
3191,48.0
3192,61.17
3193,69.45
3194,42.65
3196,40.55
3197,100.0
3199,76.0
3200,140.0
3201,66.46
3203,110.0
3204,220.0
3206,55.0
3207,85.0
3208,59.135
3209,45.0
3210,75.0
3211,37.49
3212,47.65
3213,75.0
3214,39.0
3215,92.0
3216,43.09
3217,41.0
3218,65.0
3219,37.0
3220,41.51
3221,38.19
3222,65.0
3223,41.21
3224,80.0
3225,46.0
3226,37.49
3227,42.0
3229,37.49
3230,27.0
3231,38.0
3232,42.28
3233,41.51
3235,46.0
3236,63.0
3237,70.0
3238,47.0
3241,80.5
3242,46.0
3243,58.0
3244,51.6
3245,200.0
3246,54.0
3247,38.0
3248,48.0
3249,49.5
3250,51.5
3251,51.5
3252,46.9
3253,45.0
3254,47.0
3255,68.0
3256,50.0
3257,54.0
3258,50.0
3259,45.0
3260,45.0
3261,52.0
3262,50.0
3263,78.0
3264,55.0
3266,50.0
3267,67.0
3268,70.0
3269,52.0
3270,53.0
3271,44.4
3272,42.3
3274,85.0
3275,65.0
3276,53.11
3277,56.0
3278,69.0
3280,49.35
3281,50.8
3282,75.0
3283,53.0
3284,38.0
3285,50.0
3286,68.0
3288,68.0
3289,37.49
3291,38.665
3292,60.0
3293,37.15
3294,28.275
3295,44.0
3296,69.25
3297,40.0
3298,50.92
3299,60.0
3300,75.0
3301,65.0
3302,44.8
3303,47.36
3304,39.08
3306,73.0
3307,65.0
3309,53.7
3310,42.0
3311,53.7
3312,115.0
3313,55.0
3314,67.0
3315,60.0
3316,45.75
3317,69.0
3318,85.0
3320,55.15
3322,55.15
3323,92.0
3324,48.5
3326,86.12
3327,28.29
3328,85.28
3329,52.0
3330,40.0
3331,40.0
3332,55.15
3333,98.13
3334,101.0
3335,50.0
3336,98.18
3337,68.59
3338,61.0
3340,62.0
3341,84.86
3342,39.99
3344,64.79
3345,45.0
3347,77.61
3348,65.0
3349,55.15
3350,84.22
3352,48.75
3354,39.95
3355,262.0
3356,203.0
3357,380.0
3359,350.0
3360,250.0
3361,153.0
3362,100.0
3363,245.0
3364,46.5
3365,260.0
3366,79.8
3367,100.0
3368,300.0
3369,326.0
3370,65.0
3371,265.0
3372,46.25
3373,240.0
3374,145.0
3375,50.0
3376,40.0
3377,60.0
3378,45.0
3380,57.0
3381,38.0
3382,33.6
3384,31.5
3385,63.0
3386,28.5
3387,35.0
3388,28.095
3389,33.75
3390,23.0
3391,120.0
3392,69.0
3395,240.0
3396,105.0
3397,80.63
3398,110.0
3399,21.0
3401,49.0
3402,60.0
3403,71.64
3404,130.0
3405,103.0
3406,180.0
3407,48.0
3408,55.0
3409,103.0
3411,130.0
3412,65.0
3413,103.0
3415,93.0
3416,117.0
3417,50.0
3418,51.0
3420,100.0
3421,36.0
3422,43.2
3423,71.5
3425,50.0
3426,73.0
3427,75.0
3428,48.0
3429,80.0
3430,69.0
3431,135.0
3432,55.0
3433,74.0
3434,45.0
3435,69.0
3436,66.0
3437,271.0
3438,220.0
3439,65.0
3440,50.0
3442,75.0
3443,90.0
3444,39.5
3445,45.0
3448,318.0
3449,38.0
3450,76.0
3451,90.0
3452,60.48
3453,76.0
3454,29.0
3455,45.0
3456,125.0
3458,75.0
3459,82.0
3460,20.0
3461,84.5
3462,150.0
3463,44.6
3464,250.0
3465,60.0
3466,52.0
3467,60.0
3468,68.0
3469,255.0
3470,51.0
3471,87.0
3472,56.12
3473,89.5
3474,68.4
3475,56.12
3476,56.12
3477,61.52
3478,300.0
3479,235.0
3480,290.0
3481,130.0
3482,135.0
3483,282.0
3484,129.0
3486,145.0
3487,150.0
3488,130.0
3489,150.0
3490,138.0
3491,260.0
3492,279.0
3493,200.0
3494,420.0
3495,297.0
3496,425.0
3497,130.0
3498,268.0
3501,93.0
3502,105.0
3503,330.0
3504,200.0
3506,102.0
3507,105.0
3508,225.0
3509,70.0
3510,168.0
3511,525.0
3513,100.0
3514,170.0
3515,324.0
3516,57.0
3517,600.0
3518,312.0
3519,100.0
3520,191.0
3521,220.0
3524,275.0
3525,171.0
3526,440.0
3527,700.0
3528,60.0
3529,405.0
3530,350.0
3533,200.0
3534,365.0
3535,120.0
3536,130.0
3538,475.0
3539,150.0
3540,35.0
3541,70.0
3542,49.0
3544,314.5
3545,45.0
3546,44.0
3547,93.865
3548,62.0
3549,90.87
3550,85.4
3551,112.0
3556,52.5
3557,78.0
3558,110.0
3559,45.0
3560,47.88
3561,160.0
3563,45.0
3564,123.0
3569,34.27
3570,68.0
3571,90.0
3573,138.0
3574,87.0
3576,60.0
3577,39.98
3578,196.0
3579,91.65
3580,57.0
3581,93.0
3582,108.0
3583,99.0
3584,73.0
3586,44.0
3587,75.0
3588,125.0
3589,77.0
3590,107.0
3591,86.51
3592,249.0
3593,124.0
3594,53.35
3595,139.0
3596,100.0
3597,100.0
3598,120.0
3599,85.0
3600,260.5
3601,131.0
3603,76.0
3605,80.0
3606,110.0
3608,98.0
3611,111.0
3613,160.0
3614,136.0
3615,65.0
3616,79.0
3617,79.0
3618,123.0
3619,110.0
3620,130.0
3621,60.0
3622,71.195
3623,119.0
3624,80.0
3625,85.0
3626,80.0
3627,80.04
3628,72.0
3630,104.0
3631,75.0
3632,85.0
3634,104.0
3635,131.0
3636,85.0
3638,110.0
3640,160.0
3641,125.0
3643,80.0
3644,76.77
3646,155.0
3647,135.0
3648,58.0
3649,90.0
3650,52.0
3651,165.0
3652,49.5
3655,118.0
3656,37.0
3657,46.0
3659,55.0
3660,70.0
3661,46.0
3663,102.0
3664,88.0
3665,98.49
3666,66.0
3668,76.77
3670,160.0
3672,68.0
3675,40.0
3676,60.0
3677,58.0
3678,63.0
3679,34.1
3680,52.0
3681,52.0
3683,52.0
3684,48.0
3686,47.0
3687,55.0
3688,46.0
3689,130.0
3690,45.0
3691,63.2
3692,43.0
3693,55.0
3694,149.0
3695,44.0
3697,50.0
3700,72.0
3701,49.0
3703,49.0
3704,50.0
3705,65.0
3706,55.0
3710,75.0
3711,70.0
3714,39.0
3715,70.0
3718,48.0
3719,56.0
3722,49.5
3723,64.0
3724,162.0
3725,155.0
3726,53.0
3727,49.61
3728,700.0
3729,162.0
3730,40.0
3731,155.0
3732,56.8
3733,39.0
3734,42.74
3735,46.55
3736,47.0
3737,71.0
3739,25.0
3741,43.0
3742,86.0
3743,28.0
3744,51.0
3745,33.45
3746,48.0
3747,69.315
3748,40.5
3749,71.0
3750,51.22
3751,46.0
3752,49.02
3753,43.0
3754,40.0
3755,72.0
3756,60.0
3759,30.0
3760,40.0
3761,85.0
3762,44.5
3763,47.0
3764,65.0
3765,67.0
3766,43.32
3767,175.0
3768,42.0
3770,50.0
3771,83.0
3772,22.0
3773,36.0
3774,42.0
3775,200.0
3776,55.0
3777,30.0
3778,46.5
3779,105.0
3780,72.0
3781,246.0
3782,75.0
3783,45.0
3784,40.0
3785,45.0
3786,69.0
3787,57.0
3788,36.38
3789,43.0
3790,58.0
3791,21.5
3792,45.79
3793,97.0
3794,32.25
3796,39.9
3797,110.0
3798,39.0
3799,75.0
3800,60.0
3801,70.0
3802,115.0
3803,66.0
3804,75.0
3805,93.0
3806,80.0
3807,105.0
3808,55.0
3809,55.0
3810,78.0
3812,91.45
3813,58.0
3815,127.0
3816,210.0
3817,110.0
3818,108.0
3819,68.2
3820,82.0
3821,45.0
3823,78.0
3824,112.0
3825,83.0
3826,40.7
3827,78.0
3828,50.0
3829,125.0
3830,61.0
3831,56.0
3832,112.0
3833,125.0
3837,44.0
3838,110.0
3839,42.0
3840,109.0
3841,80.0
3842,60.0
3843,56.0
3844,52.0
3845,100.0
3846,42.0
3847,53.0
3848,48.0
3850,42.0
3851,75.0
3853,48.0
3854,42.0
3855,58.0
3856,50.0
3857,53.0
3858,45.5
3859,50.0
3860,46.0
3861,66.0
3863,75.0
3864,43.0
3865,48.0
3867,75.0
3868,45.0
3869,72.0
3870,58.58
3871,43.0
3872,48.0
3873,120.0
3874,45.0
3875,29.5
3877,75.0
3878,55.0
3880,70.0
3882,40.0
3883,70.0
3884,50.0
3887,39.5
3888,75.0
3889,68.0
3890,45.0
3892,38.0
3894,36.0
3895,48.0
3896,60.0
3897,50.0
3898,47.0
3899,62.0
3900,35.0
3903,45.0
3904,60.0
3905,100.0
3906,50.0
3907,56.0
3908,61.0
3909,108.0
3910,92.0
3911,105.0
3912,81.5
3913,64.0
3914,78.0
3915,225.0
3916,50.0
3917,120.0
3918,70.0
3919,76.0
3920,85.0
3921,40.0
3922,52.0
3923,30.0
3924,78.0
3925,39.0
3926,45.0
3927,100.0
3928,45.0
3929,89.0
3930,40.0
3931,48.0
3932,40.0
3933,95.0
3934,78.0
3935,70.0
3936,70.0
3937,71.0
3938,75.0
3939,39.0
3940,300.0
3941,88.0
3943,73.0
3944,150.0
3945,48.0
3947,65.0
3948,65.0
3949,60.0
3950,44.5
3951,165.0
3952,70.0
3953,45.0
3954,56.0
3955,45.0
3957,39.0
3958,45.0
3959,39.0
3960,55.0
3962,37.0
3963,44.0
3964,37.0
3967,39.0
3968,37.01
3969,39.0
3970,45.0
3971,39.0
3972,55.0
3973,140.0
3974,150.0
3975,59.0
3976,80.0
3977,60.0
3978,81.0
3979,200.0
3980,80.0
3981,65.0
3982,24.5
3983,18.41
3984,29.0
3985,39.0
3986,32.0
3987,24.0
3988,31.5
3990,25.0
3991,25.79
3992,25.75
3994,37.0
3996,31.99
3997,60.0
3998,35.0
3999,25.53
4000,65.0
4001,40.5
4002,35.0
4004,18.5
4005,75.0
4006,36.0
4007,38.0
4008,46.0
4009,30.0
4010,42.83
4011,97.0
4012,45.2
4013,75.0
4014,64.0
4015,46.39
4016,55.0
4017,59.0
4018,47.0
4019,70.0
4020,121.0
4021,65.0
4023,75.0
4024,45.2
4025,68.0
4026,120.0
4028,50.0
4029,35.475
4030,70.0
4031,69.5
4032,36.0
4033,88.0
4034,57.0
4035,110.0
4037,26.0
4041,27.25
4042,58.0
4043,30.0
4045,75.0
4046,58.0
4047,26.0
4049,95.84
4050,74.0
4052,86.58
4054,85.0
4055,69.0
4061,90.0
4064,92.0
4066,225.0
4067,75.0
4069,36.29
4070,50.6
4075,95.84
4076,97.0
4078,76.85
4080,25.0
4082,136.0
4087,130.0
4088,30.0
4090,56.74
4091,30.0
4096,69.0
4097,40.0
4098,19.695
4099,88.0
4102,165.0
4103,99.0
4104,80.0
4109,113.0
4111,83.0
4112,40.0
4114,71.5
4116,35.0
4123,30.0
4126,95.0
4127,86.91
4128,86.58
4129,38.44
4133,95.0
4137,85.0
4138,27.0
4139,27.5
4141,26.25
4143,26.0
4144,59.0
4145,90.0
4149,56.57
4152,96.2
4156,65.0
4160,41.0
4164,41.0
4166,58.0
4167,65.0
4169,40.0
4172,26.01
4175,70.0
4176,105.0
4177,69.0
4178,69.0
4180,63.0
4184,69.0
4189,78.0
4190,36.0
4194,58.0
4199,69.0
4200,105.0
4201,62.0
4203,95.0
4206,46.29
4207,37.32
4209,30.0
4210,105.0
4211,96.2
4212,26.0
4216,36.0
4217,95.0
4222,58.0
4223,56.0
4224,200.0
4225,89.0
4226,130.0
4227,93.34
4228,52.5
4229,104.0
4230,54.5
4231,135.0
4232,55.0
4233,56.0
4234,180.0
4235,190.0
4236,175.0
4237,65.0
4238,98.0
4239,115.0
4240,165.0
4241,58.06
4242,105.0
4243,99.0
4245,240.0
4246,78.0
4247,78.0
4248,50.0
4250,78.0
4253,89.0
4255,50.0
4256,116.0
4257,50.0
4258,61.2
4259,151.0
4262,95.0
4263,50.3
4265,123.0
4266,59.8
4267,104.0
4268,272.0
4269,120.0
4271,39.0
4276,43.82
4277,60.0
4278,72.0
4280,60.0
4281,333.0
4282,83.0
4283,325.0
4284,69.0
4285,132.0
4286,78.0
4287,344.0
4288,95.0
4289,105.0
4290,67.0
4291,67.0
4292,120.0
4293,110.0
4294,85.0
4295,55.0
4296,68.0
4297,112.0
4298,65.0
4299,66.25
4300,150.0
4303,90.0
4304,80.0
4305,142.0
4306,110.0
4307,80.0
4308,61.0
4309,75.0
4310,125.0
4311,92.0
4314,80.0
4315,65.0
4317,125.0
4318,58.0
4319,110.0
4320,58.0
4321,66.0
4322,155.0
4323,77.0
4324,68.75
4325,68.48
4326,87.01
4327,80.99
4328,75.08
4329,77.99
4330,80.99
4331,76.45
4332,78.3
4333,68.75
4334,77.99
4335,73.43
4336,77.99
4337,77.99
4338,73.43
4339,80.99
4340,68.75
4341,80.99
4342,52.0
4343,52.0
4344,49.5
4345,50.0
4346,45.0
4347,46.0
4348,49.0
4349,53.0
4350,42.0
4351,25.0
4352,41.5
4353,60.0
4354,75.0
4355,55.0
4356,60.0
4357,75.0
4358,58.0
4359,45.0
4360,58.0
4361,69.0
4363,45.0
4364,60.0
4365,35.0
4366,52.0
4367,57.0
4368,100.0
4369,60.0
4371,38.0
4373,50.0
4374,58.0
4376,31.0
4378,57.0
4380,49.0
4383,36.0
4384,40.0
4386,35.0
4387,19.5
4388,45.0
4391,25.0
4393,67.0
4394,30.0
4395,17.0
4396,22.5
4397,35.5
4398,80.0
4400,58.0
4403,36.5
4405,18.0
4407,49.0
4408,51.0
4409,63.0
4410,52.0
4411,53.5
4413,40.0
4414,51.5
4415,130.0
4416,15.0
4417,17.19
4420,100.0
4421,16.75
4422,35.0
4423,45.0
4424,66.0
4425,30.0
4426,78.0
4427,43.0
4428,42.0
4429,22.0
4430,26.0
4431,50.0
4432,65.0
4433,32.0
4434,44.285
4435,40.0
4436,22.0
4437,42.0
4438,33.0
4439,39.0
4440,42.0
4441,15.0
4442,49.0
4444,43.0
4445,50.0
4446,25.0
4447,32.0
4448,32.0
4449,48.0
4450,28.0
4451,30.0
4453,30.0
4454,41.0
4455,19.5
4456,32.0
4457,34.0
4460,35.0
4461,57.0
4462,41.0
4463,125.0
4464,75.0
4465,52.0
4466,48.0
4467,43.0
4468,85.0
4470,45.0
4471,125.0
4472,18.0
4473,38.5
4474,57.0
4475,42.0
4477,66.0
4478,50.0
4479,125.0
4480,58.0
4481,55.0
4482,65.0
4483,56.0
4484,55.0
4485,60.0
4486,177.0
4487,51.0
4488,65.0
4489,38.0
4490,32.0
4491,80.0
4492,98.0
4493,48.0
4494,53.0
4495,150.0
4496,28.0
4497,156.0
4498,335.0
4499,270.0
4500,260.0
4501,260.0
4502,260.0
4503,130.0
4504,388.0
4505,335.0
4506,150.0
4507,88.0
4509,51.99
4510,28.0
4511,50.66
4512,53.33
4513,150.0
4514,36.0
4515,127.0
4516,50.66
4517,50.66
4518,120.0
4519,30.84
4520,55.55
4521,53.33
4522,49.0
4523,30.84
4524,55.55
4525,85.0
4526,50.66
4527,50.66
4528,223.0
4529,58.0
4530,125.0
4531,130.0
4532,180.0
4533,375.0
4534,85.0
4535,165.0
4536,102.0
4537,160.0
4539,425.0
4540,110.0
4541,275.0
4543,100.0
4544,110.0
4546,119.0
4547,75.2
4548,100.0
4549,210.0
4550,200.0
4552,286.0
4553,290.0
4556,325.0
4558,150.0
4559,110.0
4560,775.0
4561,353.0
4563,300.0
4566,100.0
4567,200.0
4568,128.0
4569,160.0
4570,125.0
4571,85.0
4572,165.0
4573,100.0
4575,300.0
4576,210.0
4577,245.0
4578,160.0
4579,103.0
4580,625.0
4582,160.0
4583,210.0
4584,95.0
4585,170.0
4586,100.0
4589,48.23
4591,40.0
4592,47.88
4593,47.8
4594,42.79
4597,38.6
4598,59.4
4599,48.6
4600,56.15
4601,51.0
4602,150.0
4603,110.0
4604,58.0
4606,105.0
4608,550.0
4609,70.0
4610,58.0
4611,110.0
4612,71.0
4613,59.0
4614,70.0
4615,71.0
4616,105.0
4618,45.5
4620,56.0
4621,230.0
4622,69.0
4623,30.0
4624,68.5
4625,111.0
4626,58.0
4627,75.0
4628,53.0
4629,97.0
4630,175.0
4631,106.0
4632,107.0
4633,54.0
4634,110.0
4636,57.0
4637,55.0
4638,56.0
4639,54.0
4640,60.0
4641,53.0
4642,56.0
4643,70.0
4646,56.0
4647,120.0
4648,59.0
4650,105.0
4651,55.0
4652,54.0
4653,80.0
4654,65.0
4655,59.0
4656,120.0
4657,71.5
4658,53.5
4659,43.0
4660,44.0
4661,43.0
4662,44.0
4663,55.0
4665,44.0
4667,79.0
4668,42.0
4669,50.0
4670,44.0
4671,53.0
4672,56.0
4673,44.0
4674,60.0
4675,44.0
4676,46.0
4677,114.0
4678,44.0
4679,33.0
4680,44.0
4681,52.0
4682,53.0
4683,83.0
4684,85.0
4686,86.0
4687,92.0
4689,55.0
4690,89.0
4691,52.0
4692,86.0
4693,83.0
4694,50.0
4696,50.0
4700,45.0
4701,38.25
4702,103.0
4703,86.0
4704,121.0
4705,56.0
4706,85.0
4707,120.0
4708,69.57
4709,44.96
4710,75.0
4711,205.0
4712,79.54
4713,110.0
4715,79.54
4716,44.4
4718,53.0
4719,139.0
4720,48.5
4721,58.0
4722,125.0
4723,125.0
4724,70.0
4725,78.0
4726,150.0
4727,85.0
4728,110.0
4729,145.0
4730,75.0
4731,60.0
4732,125.0
4733,49.0
4734,57.99
4735,82.0
4736,105.0
4737,127.0
4738,49.27
4739,110.0
4740,104.0
4741,108.0
4742,150.0
4743,105.0
4745,124.0
4746,84.0
4747,83.0
4748,550.0
4750,53.76
4751,82.62
4752,91.0
4753,146.0
4754,170.0
4756,125.0
4757,48.27
4758,89.0
4759,245.0
4760,105.0
4762,72.0
4763,58.0
4764,230.0
4765,70.0
4766,146.0
4767,91.0
4768,128.0
4769,74.0
4770,150.0
4771,125.0
4772,140.0
4773,65.0
4775,55.0
4776,69.0
4777,32.0
4778,48.5
4779,80.0
4780,62.0
4781,47.0
4782,75.0
4783,49.5
4784,125.0
4785,130.0
4786,125.0
4787,75.0
4788,48.0
4789,75.0
4790,108.0
4791,75.0
4792,82.0
4793,75.0
4794,75.0
4795,100.0
4796,75.0
4797,75.0
4798,75.0
4799,75.0
4800,75.0
4801,75.0
4802,104.0
4803,75.0
4804,75.0
4805,75.0
4806,75.0
4807,75.0
4808,75.0
4809,83.0
4810,80.0
4811,75.0
4812,80.0
4813,95.0
4814,95.0
4815,109.0
4816,93.0
4817,94.99
4818,120.0
4819,94.71
4820,130.0
4821,110.0
4822,154.0
4823,113.0
4824,114.0
4825,95.0
4826,110.0
4827,120.0
4828,153.0
4829,114.0
4830,160.0
4831,141.0
4832,50.0
4834,41.1
4835,55.78
4836,46.5
4837,93.0
4839,55.0
4841,360.0
4842,51.89
4843,60.0
4844,50.0
4845,68.0
4847,48.0
4849,52.0
4850,52.0
4851,57.6
4852,35.0
4853,67.39
4854,53.8
4855,62.0
4856,76.0
4857,64.5
4858,65.8
4859,53.4
4860,95.0
4861,75.0
4862,54.0
4863,56.9
4865,78.0
4866,70.0
4867,58.0
4868,58.0
4869,53.0
4870,158.0
4871,80.0
4872,160.0
4873,110.0
4874,150.0
4875,95.0
4876,86.58
4877,61.0
4878,70.0
4879,86.91
4880,70.0
4881,40.0
4882,65.0
4883,73.0
4884,69.0
4885,35.0
4887,76.3
4888,46.5
4889,46.86
4891,50.0
4892,77.0
4893,50.0
4894,55.0
4896,40.0
4897,69.5
4898,90.0
4899,55.0
4900,46.0
4901,52.0
4902,67.0
4903,2200.0
4904,325.0
4905,297.0
4906,62.5
4907,332.0
4908,399.0
4909,320.0
4910,95.0
4911,158.0
4912,250.0
4913,275.0
4915,300.0
4917,310.0
4918,60.0
4919,120.0
4920,326.0
4921,337.0
4922,90.0
4924,270.0
4925,72.0
4926,86.8
4927,68.0
4928,337.0
4929,275.0
4930,330.0
4932,80.0
4933,90.0
4934,275.0
4935,326.0
4936,140.0
4937,340.0
4938,190.0
4939,300.0
4940,380.0
4941,45.0
4942,125.0
4945,57.0
4946,52.0
4947,60.0
4948,140.0
4949,46.96
4950,80.0
4951,250.0
4952,49.85
4953,67.0
4954,152.0
4955,53.0
4956,49.86
4957,71.55
4958,56.5
4960,56.0
4961,90.0
4962,70.0
4964,89.0
4969,185.0
4971,46.9
4972,105.0
4973,190.0
4977,52.25
4978,58.86
4979,53.67
4980,123.0
4981,60.0
4983,58.86
4984,73.0
4989,70.0
4990,92.0
4991,90.0
4992,140.0
4993,83.0
4994,86.0
4995,47.0
4997,57.0
4998,58.0
5000,35.0
5001,109.0
5002,52.43
5003,103.0
5004,58.5
5005,45.68
5006,44.0
5007,90.0
5008,89.0
5009,57.0
5010,88.0
5011,55.0
5012,100.0
5014,81.0
5015,75.0
5016,110.0
5017,115.0
5018,67.0
5019,60.0
5020,48.0
5021,65.0
5022,53.67
5023,49.95
5026,59.0
5027,48.06
5029,100.0
5030,105.0
5031,119.0
5032,104.0
5033,38.0
5034,89.0
5036,116.0
5037,55.0
5038,125.0
5039,125.0
5040,57.9
5041,88.0
5042,125.0
5043,115.0
5046,55.0
5047,115.0
5048,68.0
5049,56.8
5050,90.0
5051,53.0
5052,175.0
5053,47.0
5056,60.0
5057,235.0
5058,99.0
5060,55.0
5061,181.0
5062,235.0
5063,230.0
5064,54.8
5065,126.0
5067,73.0
5069,46.7
5070,85.0
5071,49.86
5072,65.0
5073,55.0
5074,75.0
5075,52.0
5076,180.0
5077,60.0
5078,130.0
5079,85.0
5080,53.67
5081,60.0
5082,110.0
5083,101.0
5084,50.18
5087,80.0
5088,50.0
5089,57.95
5091,90.0
5092,69.0
5093,58.0
5094,58.5
5095,67.0
5097,57.0
5099,35.0
5100,69.0
5101,49.0
5102,60.0
5103,55.0
5104,66.0
5106,65.0
5107,58.0
5108,65.0
5109,67.76
5110,145.0
5111,90.0
5112,120.0
5113,210.0
5114,65.0
5115,40.0
5116,39.25
5117,29.5
5118,44.0
5119,39.0
5120,53.5
5121,59.0
5122,43.0
5123,52.0
5124,53.67
5125,68.0
5126,49.5
5127,46.5
5128,75.0
5129,86.5
5130,66.5
5131,45.0
5132,59.0
5134,57.9
5135,50.36
5136,81.0
5137,74.0
5138,91.0
5139,85.0
5140,48.0
5141,75.0
5142,65.0
5143,56.0
5144,70.0
5145,96.0
5146,75.0
5147,73.5
5148,91.31
5149,48.95
5150,73.5
5151,45.0
5152,53.0
5153,62.0
5154,45.47
5155,40.0
5156,96.0
5157,65.0
5161,40.95
5162,49.65
5164,50.0
5165,51.0
5166,43.0
5167,73.0
5168,45.0
5169,65.0
5170,50.855
5171,43.61
5173,48.95
5174,100.0
5176,70.5
5177,60.0
5179,37.0
5181,45.9
5182,49.73
5183,45.9
5184,45.0
5185,45.9
5186,46.0
5187,46.0
5188,45.9
5189,75.0
5190,130.0
5191,45.56
5192,115.0
5193,75.0
5194,75.0
5195,64.11
5196,125.0
5198,150.0
5199,150.0
5201,160.0
5202,36.0
5203,55.0
5205,60.0
5206,49.0
5208,150.0
5211,40.0
5212,20.0
5213,175.0
5214,40.0
5216,50.0
5217,55.0
5219,53.0
5221,50.0
5223,63.0
5225,80.0
5226,180.0
5228,170.0
5230,135.0
5232,46.2
5233,49.0
5234,180.0
5235,58.0
5236,48.0
5237,145.0
5238,450.0
5239,95.0
5240,91.0
5241,14.0
5242,120.0
5244,180.0
5245,180.0
5246,40.2
5247,44.5
5248,70.0
5249,50.0
5250,125.0
5251,44.95
5252,58.56
5253,99.0
5254,52.5
5255,80.0
5256,57.0
5257,55.0
5258,57.0
5259,110.0
5260,85.5
5261,89.04
5262,83.3
5263,85.0
5264,69.1
5265,89.04
5266,135.0
5267,135.0
5268,99.14
5269,45.0
5270,68.0
5271,133.0
5272,21.0
5273,26.0
5274,38.0
5275,35.0
5276,20.5
5277,160.0
5278,30.0
5279,30.0
5280,103.0
5281,110.0
5282,120.0
5283,115.0
5284,41.1
5285,72.0
5286,90.0
5287,63.0
5288,50.0
5289,81.0
5290,185.0
5291,65.0
5292,65.5
5293,65.5
5294,80.0
5295,64.0
5296,145.0
5297,48.0
5299,88.5
5300,66.0
5301,275.0
5303,204.0
5305,251.0
5306,75.0
5307,207.0
5308,191.0
5309,199.0
5310,97.65
5311,60.0
5312,167.0
5313,90.0
5314,191.0
5315,187.0
5316,58.0
5317,208.0
5318,208.0
5319,280.0
5320,201.0
5321,75.0
5322,194.0
5323,189.0
5324,197.0
5325,262.0
5326,197.0
5327,204.0
5328,150.0
5329,208.0
5330,78.0
5331,262.0
5332,75.0
5333,94.0
5334,224.5
5337,45.0
5339,100.0
5340,72.0
5341,53.55
5342,70.0
5343,157.0
5344,75.0
5345,45.0
5346,294.0
5348,47.86
5349,125.0
5351,84.0
5352,210.0
5353,74.0
5354,72.0
5356,95.0
5358,80.0
5359,121.0
5360,173.0
5363,142.0
5365,80.0
5366,77.0
5367,287.0
5369,74.0
5370,106.0
5371,150.0
5372,170.0
5374,73.0
5375,110.0
5376,52.0
5377,170.0
5378,51.42
5379,63.0
5380,62.0
5381,115.0
5383,65.0
5384,210.0
5388,360.0
5389,60.0
5391,90.0
5392,52.0
5396,60.0
5397,180.0
5398,170.0
5399,35.0
5400,90.0
5401,40.0
5402,67.0
5403,50.0
5404,80.0
5405,35.0
5406,57.5
5407,60.0
5408,34.5
5409,34.0
5410,42.0
5411,175.0
5412,48.0
5413,65.0
5416,87.0
5417,100.0
5418,118.0
5420,77.0
5421,70.0
5422,99.0
5424,65.3
5425,63.0
5426,68.0
5427,79.0
5428,62.9
5429,82.0
5430,65.0
5431,80.0
5432,77.0
5433,40.0
5434,78.0
5436,60.0
5437,97.0
5438,58.0
5439,64.0
5440,77.93
5441,80.0
5442,57.0
5443,60.0
5444,69.0
5445,76.0
5446,47.0
5447,47.0
5448,46.0
5449,47.0
5450,46.0
5451,47.0
5452,47.0
5453,43.0
5454,45.0
5455,45.0
5456,46.0
5457,47.0
5458,47.0
5459,46.0
5460,46.0
5461,80.0
5462,44.5
5463,59.8
5464,42.0
5465,66.0
5466,80.0
5467,62.35
5468,68.0
5469,39.55
5472,46.39
5475,48.0
5480,46.39
5482,46.39
5485,50.0
5487,162.0
5488,87.5
5489,68.0
5490,85.0
5491,75.0
5492,220.0
5493,93.0
5494,192.0
5495,72.0
5498,120.0
5500,46.0
5501,45.0
5502,65.0
5503,130.0
5504,55.0
5505,125.0
5506,60.0
5509,140.0
5510,125.0
5511,72.0
5512,185.0
5513,165.0
5514,48.0
5515,52.0
5517,145.0
5519,85.0
5520,130.0
5521,52.07
5523,55.5
5525,53.5
5527,59.5
5528,52.5
5530,52.1
5531,53.5
5532,55.0
5533,220.0
5537,32.64
5538,19.8
5539,52.5
5542,39.8
5543,47.25
5544,55.5
5545,49.97
5546,52.5
5547,52.08
5549,52.07
5551,52.08
5552,49.97
5553,106.0
5554,52.5
5555,50.17
5556,160.0
5559,50.17
5560,52.71
5563,43.9
5564,45.79
5565,48.1
5566,55.47
5567,49.07
5568,42.0
5569,67.39
5570,38.55
5571,49.39
5572,55.79
5573,22.0
5574,53.76
5575,25.0
5576,38.65
5577,74.0
5578,65.0
5580,63.53
5581,38.24
5582,53.8
5583,47.39
5586,50.0
5587,38.55
5588,51.51
5589,88.0
5590,61.0
5591,55.91
5592,67.98
5594,78.0
5595,35.0
5596,39.02
5597,65.0
5599,51.15
5600,48.0
5602,70.0
5603,31.75
5604,55.0
5605,38.55
5606,43.59
5608,42.0
5609,50.0
5611,225.0
5612,48.79
5613,42.85
5614,21.0
5615,37.95
5616,85.0
5617,45.0
5618,53.27
5619,72.0
5620,45.0
5621,70.0
5622,37.97
5623,38.65
5624,38.33
5625,60.0
5626,44.17
5628,40.17
5629,49.27
5631,38.33
5632,75.0
5633,57.6
5634,55.79
5635,65.0
5636,38.41
5637,49.0
5638,54.35
5640,50.0
5641,40.17
5643,44.17
5644,40.44
5645,75.0
5646,40.0
5647,39.0
5649,99.13
5650,48.0
5651,195.0
5652,48.79
5654,50.0
5656,51.15
5657,53.87
5658,60.42
5659,71.38
5660,240.0
5661,40.54
5662,40.54
5665,70.0
5666,38.37
5667,48.7
5668,38.65
5669,38.55
5670,55.47
5671,40.0
5673,86.8
5674,45.0
5675,52.0
5676,83.74
5678,86.8
5680,51.15
5681,43.9
5682,53.76
5683,40.54
5684,40.54
5685,57.0
5686,42.04
5687,98.0
5688,64.0
5689,73.8
5691,55.47
5692,67.0
5693,57.0
5694,45.0
5695,55.78
5696,225.0
5697,48.1
5698,86.0
5699,62.0
5700,68.0
5701,62.0
5702,40.54
5703,66.85
5704,37.0
5705,59.0
5706,40.54
5707,88.0
5708,66.0
5709,86.0
5710,65.0
5711,40.7
5712,50.0
5713,63.0
5714,56.0
5716,42.54
5717,64.86
5718,98.0
5719,44.0
5720,215.0
5721,39.0
5722,22.0
5723,40.14
5724,60.0
5725,229.0
5726,415.0
5727,410.0
5729,540.0
5730,223.0
5732,324.0
5733,558.0
5735,260.0
5736,241.0
5737,170.0
5738,360.0
5740,288.0
5741,334.0
5742,500.0
5743,150.0
5744,163.0
5745,75.0
5746,170.0
5747,400.0
5748,185.0
5749,230.0
5752,250.0
5753,550.0
5754,598.0
5755,130.0
5756,369.0
5758,350.0
5761,403.0
5762,262.0
5768,425.0
5769,127.0
5771,262.0
5772,200.0
5773,375.0
5774,415.0
5775,251.0
5777,268.0
5778,340.0
5781,230.0
5784,408.0
5785,340.0
5786,372.0
5787,399.0
5788,275.0
5789,240.0
5791,395.0
5792,225.0
5793,165.0
5794,245.0
5795,125.0
5796,93.32
5797,148.0
5798,129.0
5799,93.0
5800,129.0
5801,80.0
5802,145.0
5803,175.0
5804,160.0
5805,48.77
5806,47.0
5807,52.04
5808,111.0
5809,30.0
5811,46.8
5812,51.26
5813,157.0
5814,47.4
5815,115.0
5816,65.0
5817,45.5
5819,52.66
5820,95.0
5821,50.5
5822,49.3
5823,159.0
5824,95.0
5826,142.0
5827,46.1
5829,50.0
5830,115.0
5831,43.6
5833,53.0
5834,45.82
5835,150.0
5837,114.0
5839,46.0
5841,46.0
5842,112.0
5843,115.0
5844,56.1
5845,220.0
5847,75.0
5848,42.5
5849,155.0
5850,100.0
5852,131.0
5853,225.0
5854,150.0
5855,37.0
5856,50.0
5858,72.0
5859,26.0
5860,50.79
5861,66.0
5862,100.0
5863,80.0
5864,42.0
5866,68.0
5867,45.5
5868,46.8
5869,51.0
5870,48.0
5872,45.0
5873,65.0
5875,78.0
5877,43.0
5878,57.0
5879,76.0
5882,33.0
5883,47.0
5884,62.0
5885,67.0
5886,46.0
5887,57.9
5889,45.0
5890,44.0
5891,130.0
5892,51.66
5893,230.0
5894,125.0
5895,50.0
5896,40.0
5898,37.8
5899,39.0
5900,68.0
5901,35.0
5902,35.0
5903,63.0
5904,44.95
5905,75.0
5906,48.5
5907,67.0
5908,57.0
5909,26.9
5910,54.0
5911,75.17
5912,60.0
5913,55.0
5914,70.0
5915,76.0
5916,21.0
5917,145.0
5918,59.0
5920,95.0
5921,56.0
5922,48.0
5923,75.0
5924,115.0
5925,54.0
5926,69.85
5927,56.0
5928,50.0
5929,55.0
5930,75.0
5931,200.0
5932,179.0
5933,125.0
5934,55.0
5935,149.0
5936,60.0
5938,49.0
5939,90.0
5940,55.0
5941,75.0
5942,72.0
5943,60.0
5944,45.0
5945,46.0
5946,96.0
5947,80.0
5948,54.0
5949,72.3
5950,70.0
5951,98.0
5952,72.2
5953,180.0
5954,35.0
5955,250.0
5956,180.0
5957,90.0
5960,55.0
5961,59.0
5962,70.0
5963,150.0
5964,80.0
5965,253.0
5966,260.0
5967,325.0
5968,270.0
5969,128.0
5970,338.0
5971,175.0
5975,148.0
5976,75.0
5977,43.49
5978,32.0
5979,60.0
5980,47.0
5981,42.0
5982,17.535
5983,35.0
5984,42.0
5985,44.0
5987,32.5
5988,68.0
5990,25.0
5991,160.0
5992,40.0
5994,78.0
5995,30.0
5996,40.0
5997,140.0
5998,85.0
5999,185.0
6001,44.3
6002,19.0
6003,139.5
6004,25.38
6005,125.0
6006,36.0
6007,53.35
6008,88.0
6009,56.0
6010,30.35
6011,32.0
6012,19.87
6013,42.0
6014,43.1
6016,42.0
6017,34.0
6018,76.13
6019,62.0
6020,27.98
6022,29.0
6023,32.0
6024,41.68
6026,33.0
6028,41.0
6029,42.6
6030,50.0
6031,36.0
6032,35.0
6034,100.0
6035,17.09
6036,95.0
6037,87.0
6038,140.0
6039,68.0
6040,45.0
6041,57.0
6042,140.0
6043,98.29
6044,125.0
6048,67.0
6049,74.03
6050,70.0
6051,100.0
6052,125.0
6054,113.0
6055,95.0
6056,140.0
6057,110.0
6060,146.0
6062,59.0
6064,110.0
6065,75.0
6066,72.0
6067,310.0
6068,228.5
6069,300.0
6072,62.0
6073,135.0
6074,119.0
6075,140.0
6076,95.0
6079,100.0
6080,110.0
6081,77.65
6084,290.0
6086,112.0
6087,92.0
6089,78.0
6091,75.0
6092,75.0
6093,70.0
6096,170.0
6099,110.0
6102,70.0
6103,200.0
6105,40.0
6107,210.0
6108,82.0
6111,280.0
6112,46.95
6113,76.0
6116,78.0
6117,98.0
6119,83.0
6120,91.0
6122,77.0
6123,120.0
6124,180.0
6126,78.0
6127,93.0
6130,60.0
6131,87.0
6132,71.32
6133,290.0
6135,29.0
6136,94.5
6137,99.0
6138,62.0
6139,88.0
6141,145.0
6142,60.0
6144,95.0
6145,65.0
6147,280.0
6148,169.0
6149,90.0
6151,99.0
6152,122.0
6154,93.5
6156,55.0
6157,98.0
6158,140.0
6159,39.9
6160,130.0
6163,116.0
6164,108.0
6165,85.0
6166,82.0
6168,75.0
6172,183.0
6175,150.0
6177,70.0
6178,70.0
6179,110.0
6183,63.5
6184,102.0
6185,240.0
6187,85.0
6188,135.0
6190,70.0
6194,55.0
6198,100.0
6199,145.0
6202,89.0
6203,201.0
6204,113.0
6205,160.0
6207,90.0
6209,67.0
6210,125.0
6211,125.0
6212,116.0
6214,119.0
6218,240.0
6219,68.0
6221,74.0
6222,118.0
6223,120.0
6225,75.0
6226,125.0
6228,98.0
6229,130.0
6230,98.0
6233,100.0
6234,59.0
6235,88.0
6236,52.0
6237,75.0
6238,185.0
6239,135.0
6240,93.5
6241,110.0
6242,175.0
6243,116.0
6244,93.01
6245,56.0
6247,65.0
6248,100.0
6249,60.55
6250,85.0
6251,72.0
6252,62.0
6253,235.0
6254,31.1
6258,145.0
6259,182.0
6262,145.0
6264,211.0
6266,27.0
6267,74.03
6268,119.0
6269,95.0
6271,126.0
6272,68.0
6273,225.0
6274,110.0
6275,78.0
6277,69.0
6278,140.0
6280,155.0
6281,75.0
6282,175.0
6283,74.0
6284,178.0
6287,130.0
6288,35.8
6290,128.0
6291,187.0
6293,60.8
6295,70.0
6296,62.0
6298,69.0
6300,60.8
6302,120.0
6304,74.03
6305,26.0
6308,116.0
6311,69.61
6312,148.0
6313,98.38
6314,88.0
6315,86.0
6316,139.0
6317,55.0
6319,180.0
6320,119.0
6321,180.0
6322,69.5
6323,100.0
6324,80.0
6327,148.0
6329,74.03
6331,58.0
6332,75.0
6333,275.0
6335,70.0
6337,195.0
6338,48.0
6339,45.95
6340,22.8
6341,85.0
6342,28.41
6343,52.0
6344,90.0
6345,37.0
6346,31.77
6347,49.0
6348,37.0
6349,36.0
6350,23.65
6351,52.0
6352,75.0
6353,60.0
6354,65.0
6355,110.0
6356,80.0
6357,101.0
6358,90.0
6359,66.0
6360,275.0
6361,98.86
6362,145.0
6363,300.0
6364,98.86
6365,115.0
6366,160.0
6367,142.0
6368,195.0
6369,185.0
6370,98.77
6371,35.14
6373,50.0
6375,37.5
6376,62.0
6377,72.0
6378,82.0
6379,235.0
6382,41.0
6384,27.0
6385,68.0
6386,120.0
6387,235.0
6388,45.0
6389,80.0
6390,50.0
6391,240.0
6392,150.0
6393,53.0
6394,35.0
6395,70.0
6396,78.0
6397,75.0
6398,55.0
6399,130.0
6400,306.0
6401,49.5
6402,90.0
6403,65.0
6405,55.0
6406,195.0
6407,52.0
6409,65.0
6412,40.0
6413,58.0
6414,60.0
6415,75.0
6416,56.0
6417,67.0
6418,73.0
6419,45.0
6420,60.0
6422,85.0
6423,67.0
6424,68.0
6426,73.0
6427,60.0
6428,48.0
6429,70.0
6430,140.0
6431,70.0
6435,140.0
6436,95.0
6437,72.0
6439,33.0
6440,37.0
6441,41.0
6442,39.0
6443,32.0
6444,45.0
6445,47.0
6446,85.0
6448,43.75
6449,43.0
6450,44.0
6451,50.53
6452,30.715
6453,74.18
6454,80.48
6455,65.0
6456,58.0
6457,56.0
6458,30.24
6459,75.0
6460,50.17
6461,52.0
6462,58.0
6463,55.0
6464,58.0
6465,68.0
6466,73.0
6467,66.5
6468,79.0
6469,72.0
6470,48.0
6471,55.0
6472,56.0
6474,76.0
6476,55.0
6477,73.0
6479,70.0
6480,49.0
6481,75.0
6482,45.0
6484,51.0
6485,110.0
6487,120.0
6488,45.0
6489,45.0
6490,65.0
6491,80.0
6492,125.0
6493,65.0
6494,325.0
6495,49.0
6496,98.0
6497,60.0
6502,60.0
6503,100.0
6504,65.0
6505,70.0
6506,55.0
6509,302.0
6510,64.0
6512,55.0
6513,66.0
6516,55.0
6518,55.0
6521,65.0
6522,75.0
6524,70.0
6525,65.0
6529,80.0
6531,70.0
6532,55.0
6533,55.0
6534,55.0
6535,64.0
6539,55.0
6543,131.0
6544,120.0
6545,126.0
6546,121.0
6547,126.0
6548,135.0
6549,135.0
6550,120.0
6551,115.0
6552,135.0
6553,153.0
6554,148.0
6555,135.0
6556,159.0
6557,147.0
6558,50.0
6559,49.49
6560,80.0
6561,145.0
6562,62.0
6563,127.0
6564,42.48
6565,122.0
6566,84.0
6567,159.0
6568,134.0
6569,25.25
6570,80.0
6572,145.0
6574,28.0
6575,83.0
6577,135.0
6579,70.0
6580,79.0
6581,97.38
6582,85.0
6583,25.25
6584,101.0
6586,123.0
6588,114.0
6590,160.0
6591,95.0
6592,122.0
6593,34.3
6594,68.0
6595,50.3
6598,112.0
6603,115.0
6604,62.1
6605,60.84
6607,45.69
6609,72.0
6611,102.0
6612,93.04
6613,135.0
6614,115.0
6615,82.0
6617,113.0
6618,42.0
6620,130.0
6622,74.0
6624,104.0
6630,135.0
6632,75.0
6633,34.3
6634,135.0
6635,78.0
6637,55.0
6638,68.0
6639,110.0
6640,93.15
6641,68.1
6643,72.0
6645,107.0
6646,105.0
6647,83.0
6648,35.285
6649,56.0
6650,95.0
6651,38.535
6652,110.0
6653,88.0
6654,122.0
6655,120.0
6656,50.0
6658,58.0
6659,110.0
6660,123.0
6661,77.25
6662,88.0
6664,29.0
6666,100.0
6667,45.0
6668,98.0
6669,83.0
6670,65.0
6672,115.0
6673,75.0
6674,122.0
6675,55.0
6676,77.3
6677,38.0
6678,72.0
6679,105.0
6681,27.5
6682,139.0
6684,71.0
6685,93.25
6688,112.0
6689,61.0
6690,107.0
6691,34.355
6692,125.0
6694,129.0
6695,90.0
6696,70.0
6697,96.0
6700,83.05
6701,80.0
6702,117.0
6703,54.0
6704,122.0
6705,38.46
6707,120.0
6708,50.4
6709,32.82
6710,115.0
6711,116.0
6712,220.0
6714,90.0
6715,125.0
6716,100.0
6719,130.0
6721,230.0
6723,103.0
6724,95.0
6725,235.0
6726,245.0
6728,103.0
6729,101.0
6730,104.0
6732,225.0
6733,210.0
6734,103.0
6735,159.0
6737,106.0
6739,104.0
6740,237.0
6741,105.0
6742,104.0
6745,106.0
6746,155.0
6747,135.0
6748,105.0
6749,160.0
6753,160.0
6754,155.0
6755,235.0
6756,153.0
6758,157.0
6759,105.0
6760,249.0
6761,245.0
6764,325.0
6768,105.0
6770,98.0
6772,239.0
6773,78.0
6774,75.0
6775,65.0
6776,55.0
6777,75.0
6778,70.0
6779,80.0
6780,79.0
6781,80.0
6782,79.55
6784,175.0
6785,50.0
6787,101.0
6788,87.0
6789,400.0
6790,65.0
6791,87.0
6792,65.0
6793,59.8
6794,55.0
6795,55.0
6796,95.0
6797,112.0
6798,100.0
6799,72.0
6800,90.0
6801,84.0
6802,82.0
6803,82.0
6804,100.0
6806,94.0
6807,60.0
6808,68.62
6809,95.0
6810,60.0
6811,52.5
6812,79.0
6813,95.0
6814,83.0
6815,67.0
6817,85.86
6818,215.0
6819,120.0
6820,110.0
6821,60.0
6822,100.0
6823,90.0
6824,125.0
6825,185.0
6826,120.0
6827,185.0
6829,170.0
6830,130.0
6831,62.0
6832,45.0
6833,45.0
6834,63.0
6835,45.0
6836,67.0
6839,47.0
6840,62.55
6841,56.0
6842,45.0
6843,60.47
6844,66.68
6845,49.0
6846,56.0
6847,44.0
6850,30.0
6851,39.71
6852,45.0
6853,37.93
6855,120.0
6856,98.34
6857,57.0
6858,43.55
6860,48.0
6862,64.0
6863,40.42
6864,42.0
6865,55.0
6866,55.0
6867,88.0
6868,50.0
6869,43.0
6871,47.0
6872,91.2
6873,47.0
6874,63.0
6875,52.85
6877,53.0
6878,60.0
6879,35.0
6880,88.0
6882,61.2
6883,36.0
6884,45.36
6886,55.44
6887,61.16
6888,45.0
6889,42.0
6890,48.0
6891,56.0
6892,35.0
6895,45.0
6896,47.0
6898,85.0
6899,62.55
6901,41.3
6902,42.0
6903,95.0
6905,45.0
6906,60.0
6908,53.55
6909,57.0
6910,74.0
6912,48.0
6913,55.44
6915,40.6
6917,42.59
6918,46.76
6919,40.6
6922,52.85
6924,41.3
6927,40.08
6928,40.08
6929,40.0
6931,40.43
6933,35.88
6934,47.65
6935,55.0
6936,35.88
6937,45.0
6938,47.0
6943,47.0
6946,62.82
6947,65.0
6950,48.0
6952,35.0
6953,42.6
6956,47.0
6957,55.25
6958,55.25
6959,45.0
6960,55.0
6962,76.0
6963,68.0
6964,50.0
6965,46.0
6966,58.0
6968,42.0
6969,48.0
6971,57.0
6972,57.0
6974,52.0
6975,36.0
6977,39.5
6978,45.0
6980,40.58
6981,60.0
6983,35.0
6984,57.0
6985,47.0
6986,42.09
6987,55.0
6988,53.36
6989,45.99
6991,56.12
6992,56.0
6993,36.4
6994,56.12
6996,46.76
6997,57.0
6998,44.0
6999,80.0
7001,42.0
7002,40.0
7003,40.0
7004,45.35
7005,65.0
7006,36.0
7007,71.0
7008,67.75
7009,41.88
7010,55.5
7011,59.0
7012,39.9
7013,48.0
7014,71.0
7015,60.0
7016,46.0
7017,85.0
7018,34.0
7019,44.24
7020,79.0
7021,45.0
7022,47.0
7023,68.38
7025,60.0
7026,60.0
7027,39.0
7028,55.0
7030,57.35
7031,40.65
7032,39.0
7034,64.15
7036,38.0
7037,90.0
7038,85.0
7039,54.0
7040,40.0
7042,65.0
7044,27.0
7045,59.0
7046,58.0
7047,42.7
7048,52.76
7050,32.0
7051,49.11
7052,25.4
7053,40.0
7054,39.73
7055,34.82
7056,34.82
7057,36.28
7058,34.22
7059,36.28
7060,95.0
7061,38.0
7062,55.0
7063,90.0
7065,55.0
7066,54.0
7067,70.0
7068,54.0
7069,35.0
7071,70.0
7072,40.0
7073,54.0
7074,65.0
7075,52.0
7076,50.0
7077,50.0
7078,75.0
7079,72.0
7080,135.0
7081,41.0
7082,60.5
7083,42.0
7084,110.0
7085,129.0
7087,100.0
7088,134.0
7089,121.0
7090,116.0
7091,100.0
7092,65.0
7093,34.78
7094,68.0
7095,115.0
7096,60.0
7097,103.0
7098,117.0
7099,75.0
7100,40.0
7101,62.0
7104,140.0
7105,136.0
7106,75.0
7107,82.0
7108,45.0
7109,252.0
7110,60.0
7111,58.0
7112,125.0
7113,86.0
7114,49.06
7115,230.0
7116,40.0
7118,30.0
7119,75.0
7120,92.0
7121,90.0
7122,30.0
7123,30.0
7124,36.0
7125,37.0
7126,71.0
7127,67.0
7128,69.3
7129,67.3
7130,64.5
7131,64.5
7132,68.0
7134,67.0
7135,75.0
7136,65.0
7137,67.0
7138,67.4
7139,67.4
7140,68.8
7141,62.3
7142,63.0
7143,67.4
7144,65.4
7146,67.32
7147,67.4
7149,67.3
7150,70.0
7151,67.48
7152,75.0
7154,67.0
7157,72.0
7158,67.5
7159,67.5
7160,70.0
7161,65.0
7162,67.4
7166,81.0
7167,94.82
7172,75.0
7174,161.0
7175,230.0
7176,700.0
7179,70.0
7180,101.0
7182,315.0
7183,360.0
7184,100.0
7185,100.0
7187,91.0
7190,126.0
7194,130.0
7195,125.0
7198,163.0
7201,200.0
7203,95.0
7205,94.79
7206,400.0
7207,250.0
7208,115.0
7211,162.0
7215,130.0
7216,75.0
7218,78.0
7219,115.0
7220,95.05
7223,71.0
7227,89.0
7228,88.0
7230,85.0
7231,68.5
7232,330.0
7233,108.0
7235,312.0
7236,90.0
7237,50.0
7238,199.0
7239,45.0
7242,85.0
7243,79.0
7249,63.0
7251,71.0
7252,75.0
7253,110.0
7254,103.0
7257,128.0
7258,95.0
7261,200.0
7262,96.17
7263,316.0
7267,155.0
7268,55.0
7270,146.0
7273,32.79
7274,210.0
7276,115.0
7280,290.0
7284,75.0
7285,250.0
7286,79.0
7289,260.0
7291,79.28
7294,160.0
7296,70.0
7297,284.0
7300,34.385
7302,79.5
7303,52.7
7304,61.96
7310,270.0
7311,140.0
7312,400.0
7313,84.5
7315,280.0
7317,90.0
7318,147.0
7320,35.0
7323,95.0
7324,400.0
7325,198.0
7327,175.0
7328,84.0
7329,204.0
7330,140.0
7331,122.0
7333,25.0
7334,125.0
7335,52.0
7340,75.0
7342,77.0
7343,73.0
7344,34.735
7348,100.0
7349,224.0
7351,44.9
7355,138.0
7358,125.0
7359,113.0
7360,29.44
7362,50.0
7363,82.0
7364,80.0
7366,32.15
7367,52.0
7371,83.0
7377,75.0
7385,158.5
7388,51.0
7391,77.0
7392,68.4
7396,250.0
7401,128.0
7403,62.0
7404,138.0
7405,99.26
7406,190.0
7407,96.51
7408,101.0
7410,149.0
7411,82.0
7412,40.0
7415,156.0
7416,78.2
7417,130.0
7418,75.0
7420,120.0
7421,300.0
7423,70.0
7425,130.0
7426,118.0
7429,60.0
7435,90.0
7436,240.0
7439,190.0
7440,78.5
7441,57.6
7442,19.83
7443,104.0
7447,97.0
7448,150.0
7449,67.77
7450,90.0
7453,75.0
7454,94.84
7455,103.0
7458,208.0
7462,90.33
7463,143.0
7464,125.0
7466,200.0
7467,65.0
7470,82.0
7471,88.0
7472,103.0
7473,84.0
7476,90.0
7477,75.0
7479,120.0
7483,78.0
7484,88.0
7485,84.03
7487,72.5
7489,115.0
7490,100.0
7494,198.0
7497,98.97
7498,95.0
7499,108.0
7500,95.0
7502,88.0
7504,80.0
7505,225.0
7506,101.0
7508,78.57
7509,85.0
7511,65.0
7513,65.0
7514,261.0
7515,73.0
7517,290.0
7519,234.0
7523,145.0
7524,265.0
7528,77.0
7529,139.0
7530,84.0
7537,85.0
7538,29.0
7539,161.0
7540,149.0
7542,188.0
7543,160.0
7544,110.0
7545,57.0
7546,106.0
7549,39.0
7551,410.0
7552,107.0
7553,113.0
7555,218.0
7556,253.0
7559,330.0
7560,85.0
7562,77.0
7563,140.0
7564,247.0
7570,125.0
7571,200.0
7573,92.63
7576,70.0
7578,94.0
7579,89.0
7582,300.0
7587,72.0
7589,475.0
7590,74.0
7599,96.9
7605,70.0
7608,75.0
7610,157.0
7611,75.0
7612,113.0
7614,331.0
7617,67.75
7618,145.0
7619,110.0
7620,110.0
7621,105.0
7623,78.2
7624,85.0
7626,105.0
7627,128.0
7631,103.0
7635,107.0
7636,139.0
7637,48.0
7638,125.0
7640,59.0
7644,105.0
7645,150.0
7646,130.0
7647,55.0
7648,78.0
7649,73.5
7650,30.0
7651,60.0
7652,72.0
7653,55.0
7654,50.0
7656,78.0
7663,95.0
7664,80.0
7665,85.0
7666,62.5
7668,45.0
7670,127.0
7672,95.0
7674,24.0
7677,38.4
7684,105.0
7685,96.0
7686,79.0
7692,76.3
7696,85.0
7699,97.0
7701,78.0
7702,80.54
7704,86.0
7705,70.0
7706,70.0
7708,220.0
7709,140.0
7711,37.0
7712,80.01
7716,83.0
7721,125.0
7723,75.0
7726,26.0
7727,60.0
7728,100.0
7729,108.0
7730,86.0
7731,85.0
7737,108.0
7739,80.0
7742,175.0
7743,78.0
7745,85.61
7746,75.0
7747,200.0
7749,95.0
7750,105.0
7755,260.0
7756,90.0
7757,36.25
7758,93.0
7759,30.84
7760,60.0
7761,140.0
7762,93.0
7763,38.0
7765,82.0
7767,38.0
7768,35.0
7770,36.23
7772,98.0
7773,107.0
7774,75.0
7775,103.0
7776,104.0
7777,69.97
7780,69.23
7781,91.0
7783,108.0
7784,92.0
7786,109.0
7787,38.0
7788,85.0
7789,110.0
7792,190.0
7794,100.0
7798,85.0
7799,85.0
7800,110.0
7801,42.535
7803,75.0
7806,58.0
7808,67.77
7809,77.9
7810,33.0
7811,77.0
7814,25.0
7816,30.0
7818,80.0
7821,78.0
7822,78.19
7824,33.0
7825,20.0
7826,16.5
7827,92.0
7828,90.0
7829,20.0
7830,13.5
7832,65.0
7833,24.0
7834,17.0
7835,16.0
7837,50.0
7839,65.0
7840,80.0
7841,15.0
7842,18.0
7843,75.0
7845,180.0
7846,20.0
7847,58.0
7850,44.0
7851,18.0
7853,150.0
7854,70.0
7856,47.12
7857,46.17
7859,47.88
7861,50.0
7862,68.0
7863,45.6
7864,46.17
7865,44.08
7867,108.0
7868,36.85
7869,130.0
7871,36.85
7875,36.85
7876,95.815
7877,36.85
7878,75.84
7879,100.0
7880,96.0
7881,100.0
7884,36.85
7885,49.475
7888,41.745
7890,36.85
7892,260.0
7895,36.85
7898,80.0
7899,110.0
7900,67.0
7901,130.0
7903,100.0
7904,36.8
7905,140.0
7907,85.0
7910,145.0
7912,54.67
7913,40.0
7914,140.0
7915,100.0
7920,36.85
7922,36.85
7925,100.0
7926,108.0
7928,185.0
7933,135.0
7934,160.0
7936,290.0
7939,38.0
7942,185.0
7944,240.0
7945,55.0
7946,205.0
7947,105.0
7949,65.0
7950,90.0
7954,55.68
7955,120.0
7956,75.0
7957,54.0
7958,110.0
7959,85.05
7961,235.0
7963,150.0
7964,175.0
7967,100.0
7969,115.0
7970,70.0
7973,100.0
7974,78.0
7976,260.0
7977,115.0
7982,60.0
7983,180.0
7985,72.5
7986,280.0
7989,69.0
7990,170.0
7993,110.0
7998,115.0
8001,165.0
8003,95.0
8004,79.0
8006,140.0
8007,150.0
8009,125.0
8011,90.0
8012,275.0
8018,240.0
8021,325.0
8022,360.0
8024,126.0
8027,74.0
8030,120.0
8032,45.0
8035,165.0
8036,41.0
8038,115.0
8039,110.0
8040,85.0
8043,90.0
8046,80.0
8049,120.0
8050,65.0
8051,36.0
8052,180.0
8054,115.0
8055,18.5
8058,60.0
8059,70.0
8060,260.0
8061,250.0
8063,25.0
8068,200.0
8070,70.0
8071,77.0
8072,445.0
8073,78.34
8074,115.0
8075,50.0
8076,165.0
8077,55.0
8080,120.0
8083,98.5
8086,225.0
8090,20.03
8092,60.0
8093,140.0
8094,550.0
8096,55.0
8099,135.0
8101,95.0
8102,184.0
8103,600.0
8104,95.0
8107,69.0
8108,17.0
8110,180.0
8112,87.0
8114,95.0
8115,115.0
8116,20.0
8117,80.0
8119,125.0
8121,62.0
8124,40.0
8131,90.0
8132,90.0
8133,135.0
8135,115.0
8136,125.0
8137,56.25
8144,400.0
8145,170.0
8147,98.0
8148,350.0
8150,28.0
8151,100.0
8153,145.0
8155,188.0
8158,15.0
8164,130.0
8165,67.0
8166,105.0
8170,85.0
8171,67.0
8173,88.0
8176,80.0
8179,500.0
8181,187.0
8182,330.0
8183,300.0
8184,450.0
8186,65.0
8188,95.0
8190,62.7
8193,280.0
8195,60.0
8196,172.0
8197,85.0
8198,166.0
8202,100.0
8203,92.0
8204,110.0
8205,66.0
8207,122.0
8211,200.0
8212,130.0
8214,180.0
8216,120.0
8218,68.0
8219,55.0
8223,250.0
8228,70.0
8230,155.0
8232,93.93
8237,214.0
8238,210.0
8239,300.0
8240,176.0
8241,42.0
8246,86.0
8247,235.0
8254,175.0
8256,91.86
8260,80.0
8261,160.0
8262,50.0
8263,150.0
8265,367.0
8266,150.0
8269,80.0
8271,110.0
8272,73.0
8273,90.0
8274,42.0
8277,53.55
8279,215.0
8280,106.0
8283,120.0
8284,26.0
8286,207.0
8287,110.0
8289,305.0
8295,110.0
8297,110.0
8298,20.0
8300,370.0
8301,105.0
8302,70.0
8303,59.0
8304,154.0
8306,280.0
8307,25.0
8308,85.0
8309,51.0
8310,110.0
8313,600.0
8314,155.0
8315,185.0
8316,60.0
8317,100.0
8318,110.0
8319,115.0
8320,85.0
8322,25.0
8323,85.0
8330,88.0
8332,76.0
8333,84.0
8334,520.0
8336,75.0
8340,55.0
8341,125.0
8345,70.0
8346,80.0
8354,14.0
8356,150.0
8358,629.0
8359,70.0
8361,60.0
8363,79.0
8365,350.0
8367,110.0
8370,100.0
8375,260.0
8376,85.0
8379,110.0
8380,151.0
8381,105.0
8382,91.72
8384,375.0
8386,78.0
8388,365.0
8391,120.0
8393,165.0
8394,150.0
8396,75.0
8397,74.0
8398,86.03
8399,61.0
8400,32.0
8401,135.0
8404,240.0
8406,90.0
8407,72.0
8408,1000.0
8410,2100.0
8412,68.0
8413,110.0
8415,75.0
8417,224.0
8419,97.0
8420,160.0
8422,75.0
8423,115.0
8424,214.0
8426,420.0
8428,70.0
8432,41.0
8437,250.0
8438,61.0
8439,41.0
8440,37.5
8441,17.0
8443,75.0
8444,75.0
8446,140.0
8448,65.0
8450,325.0
8452,142.0
8454,185.0
8455,235.0
8457,75.0
8460,290.0
8462,100.0
8465,90.0
8466,88.0
8467,95.0
8468,52.0
8469,280.0
8471,70.0
8474,235.0
8477,31.7
8478,85.0
8481,75.0
8483,525.0
8485,285.0
8486,130.0
8488,140.0
8489,345.0
8490,170.0
8491,160.0
8493,66.0
8495,342.0
8496,245.0
8498,105.0
8499,108.0
8506,77.5
8510,60.0
8511,30.0
8512,150.0
8515,139.0
8516,130.0
8520,145.0
8523,285.0
8524,200.0
8527,75.0
8528,150.0
8530,75.0
8531,95.0
8532,123.0
8534,199.0
8535,90.0
8537,720.0
8540,63.0
8541,95.0
8542,79.0
8543,270.0
8544,145.0
8545,115.0
8546,400.0
8550,180.0
8551,160.0
8552,275.0
8554,36.5
8555,77.0
8559,41.0
8560,125.0
8561,175.0
8562,130.0
8563,360.0
8565,385.0
8567,150.0
8568,270.0
8571,42.0
8572,550.0
8573,110.0
8574,190.0
8577,149.0
8579,63.0
8580,129.0
8581,88.0
8585,30.0
8586,89.99
8587,145.0
8588,42.0
8591,22.49
8592,62.0
8594,160.0
8598,80.0
8600,97.0
8601,140.0
8603,245.0
8607,73.0
8608,205.0
8611,52.0
8612,139.0
8614,324.0
8615,160.0
8617,75.0
8618,165.0
8625,80.0
8626,90.0
8629,110.0
8631,165.0
8633,70.0
8635,149.0
8638,50.0
8639,75.0
8640,85.0
8643,19.5
8645,70.0
8646,160.0
8647,155.0
8648,315.0
8649,39.0
8652,97.78
8654,173.0
8658,75.0
8659,75.0
8660,24.0
8662,145.0
8663,100.0
8664,160.0
8665,82.0
8668,98.0
8669,150.0
8670,77.25
8672,160.0
8673,93.0
8674,70.0
8676,75.0
8681,250.0
8682,100.0
8683,100.0
8684,95.0
8690,95.0
8691,140.0
8694,65.0
8695,165.0
8697,110.0
8698,125.0
8699,75.0
8701,900.0
8704,360.0
8707,150.0
8708,90.0
8709,95.75
8710,148.0
8712,97.0
8717,130.0
8721,80.0
8722,150.0
8724,450.0
8725,50.0
8727,95.0
8728,49.0
8730,270.0
8731,68.0
8732,475.0
8733,85.0
8735,110.0
8737,68.0
8739,180.0
8743,115.0
8744,85.0
8746,155.0
8747,74.0
8749,108.0
8750,75.0
8755,203.0
8758,500.0
8761,160.0
8764,95.0
8765,351.0
8767,85.0
8769,140.0
8772,333.0
8773,200.0
8774,87.5
8776,140.0
8777,60.0
8783,205.0
8785,85.0
8787,240.0
8791,140.0
8792,55.0
8795,120.0
8796,430.0
8799,89.6
8801,77.0
8804,105.0
8806,200.0
8807,76.0
8812,58.0
8815,97.0
8816,450.0
8819,72.0
8823,75.0
8826,86.0
8827,390.0
8828,75.0
8832,130.0
8833,125.0
8836,290.0
8837,285.0
8839,420.0
8840,25.0
8841,85.0
8846,110.0
8849,156.0
8854,62.0
8858,200.0
8859,96.25
8861,200.0
8862,60.0
8863,88.0
8866,48.0
8867,62.0
8869,110.0
8870,43.0
8874,70.0
8875,290.0
8879,80.0
8880,450.0
8881,98.0
8885,62.0
8886,310.0
8889,318.0
8890,165.0
8894,223.0
8895,75.0
8896,55.0
8901,80.0
8903,69.0
8906,90.0
8907,55.0
8912,225.0
8914,78.0
8915,74.0
8917,85.0
8919,230.0
8921,120.0
8922,145.0
8923,15.0
8929,206.0
8930,70.0
8931,72.0
8932,65.0
8934,100.0
8942,110.0
8943,90.0
8945,138.0
8946,43.0
8947,170.0
8948,99.0
8951,55.0
8952,135.0
8953,58.0
8954,100.0
8955,118.0
8956,240.0
8959,97.0
8962,78.65
8964,45.0
8969,75.0
8970,116.0
8971,268.5
8972,52.0
8973,160.0
8976,75.6
8977,285.0
8978,150.0
8982,120.0
8983,50.0
8984,200.0
8986,23.0
8989,75.0
8991,110.0
8992,150.0
8993,250.0
8995,90.0
8998,250.0
9003,45.0
9010,70.0
9014,160.0
9017,155.0
9018,95.0
9020,61.0
9021,110.0
9022,155.0
9023,80.0
9026,90.0
9029,95.0
9035,69.0
9036,99.0
9038,48.0
9039,78.65
9041,70.0
9043,185.0
9044,99.0
9045,68.0
9046,77.5
9048,145.0
9049,75.0
9052,156.0
9053,135.0
9056,55.0
9058,125.0
9060,130.0
9061,125.0
9062,100.0
9065,165.0
9066,130.0
9067,220.0
9073,120.0
9074,200.0
9075,98.0
9077,115.0
9079,120.0
9080,60.0
9081,16.0
9084,325.0
9085,42.0
9086,111.0
9088,86.0
9089,90.0
9090,190.0
9093,170.0
9094,70.0
9095,95.0
9096,60.0
9097,23.0
9098,310.0
9099,85.0
9102,130.0
9103,140.0
9106,79.0
9108,68.0
9111,75.0
9114,90.0
9115,69.0
9117,160.0
9121,280.0
9122,75.0
9124,145.0
9125,135.0
9126,48.0
9131,57.0
9132,76.0
9135,100.0
9136,98.0
9139,77.27
9140,110.0
9141,70.0
9145,165.0
9146,145.0
9148,99.0
9151,60.0
9152,350.0
9154,59.0
9157,140.0
9158,39.0
9161,111.0
9165,110.0
9167,149.0
9168,65.0
9170,160.0
9171,85.0
9172,220.0
9174,185.0
9177,120.0
9180,171.0
9182,16.0
9184,102.0
9186,145.0
9187,240.0
9189,92.0
9190,250.0
9193,92.0
9195,60.0
9199,190.0
9204,75.0
9206,65.5
9207,88.0
9211,160.0
9212,62.0
9213,52.0
9214,135.0
9215,260.0
9219,90.0
9221,175.0
9228,160.0
9230,105.0
9233,75.0
9235,10.0
9237,150.0
9238,155.0
9241,350.0
9243,450.0
9250,300.0
9252,140.0
9253,260.0
9254,90.0
9255,480.0
9256,115.0
9259,100.0
9260,70.0
9261,90.0
9266,26.0
9267,59.5
9269,85.0
9270,100.0
9271,70.0
9274,350.0
9277,255.0
9278,35.0
9281,180.0
9282,276.0
9283,40.0
9285,600.0
9287,420.0
9288,400.0
9289,33.0
9291,147.0
9293,72.0
9295,82.0
9296,27.0
9297,96.0
9298,50.0
9299,18.0
9301,200.0
9304,85.0
9305,57.0
9306,150.0
9308,80.0
9309,93.0
9314,95.0
9315,350.0
9316,32.0
9318,35.0
9319,55.0
9322,428.0
9325,170.0
9326,142.0
9328,88.0
9329,160.0
9330,20.0
9331,100.0
9332,110.0
9335,85.0
9337,99.0
9340,411.0
9342,175.0
9345,15.0
9348,242.0
9349,70.0
9350,125.0
9352,280.0
9353,120.0
9354,72.0
9355,175.0
9356,34.0
9357,65.0
9358,260.0
9359,175.0
9361,56.0
9364,95.0
9366,63.0
9368,117.0
9371,150.0
9372,81.0
9374,300.0
9378,110.0
9380,164.0
9383,45.0
9384,27.0
9385,87.0
9387,100.0
9388,210.0
9391,19.0
9393,29.0
9394,230.0
9395,58.0
9396,19.0
9398,40.0
9404,74.0
9405,83.87
9407,160.0
9408,260.0
9409,67.0
9410,152.0
9411,90.0
9412,26.0
9414,35.0
9428,115.0
9430,89.0
9433,65.0
9434,50.0
9438,315.0
9443,135.0
9445,75.0
9446,171.0
9447,33.0
9448,70.0
9449,55.0
9452,130.0
9454,70.0
9455,23.5
9457,71.05
9458,90.0
9459,91.855
9460,280.0
9461,300.0
9466,95.0
9467,21.0
9470,180.0
9472,45.0
9473,100.0
9474,95.0
9475,60.0
9477,130.0
9478,199.0
9479,314.0
9481,169.0
9482,420.0
9485,16.0
9486,180.0
9488,34.0
9489,126.0
9492,64.0
9493,61.0
9496,35.0
9499,88.0
9500,63.0
9501,410.0
9502,75.0
9503,60.0
9505,110.0
9506,90.0
9508,110.0
9509,181.0
9510,105.0
9511,206.0
9515,160.0
9516,78.0
9520,140.0
9522,75.0
9528,65.0
9532,125.0
9533,69.0
9534,110.0
9536,264.0
9538,90.0
9542,68.0
9544,430.0
9549,300.0
9550,125.0
9552,59.0
9553,120.0
9554,110.0
9557,101.0
9558,365.0
9560,90.0
9562,300.0
9563,165.0
9565,200.0
9568,30.0
9570,16.0
9571,100.0
9573,90.0
9576,125.0
9577,285.0
9578,30.0
9579,301.0
9582,69.0
9584,155.0
9586,52.3
9592,110.0
9593,78.0
9594,238.0
9596,80.0
9597,93.0
9599,420.0
9600,68.0
9601,33.645
9602,80.0
9606,65.0
9607,450.0
9608,78.0
9611,200.0
9612,80.0
9613,410.0
9614,95.0
9621,150.0
9622,95.0
9628,75.0
9630,190.0
9632,110.0
9633,131.0
9634,41.0
9636,380.0
9637,275.0
9638,135.0
9641,345.0
9642,25.0
9643,75.0
9646,70.0
9648,70.0
9650,68.0
9653,275.0
9654,55.0
9655,95.0
9656,180.0
9657,75.0
9658,50.0
9660,120.0
9662,48.0
9667,90.0
9669,150.0
9671,280.0
9675,55.0
9676,250.0
9677,160.0
9678,95.0
9679,60.0
9682,20.0
9683,400.0
9684,77.25
9685,70.0
9687,80.0
9690,66.0
9691,115.0
9692,135.0
9698,91.48
9699,60.0
9702,85.0
9705,138.0
9706,68.0
9707,460.0
9709,250.0
9710,115.0
9711,90.0
9715,120.0
9720,185.0
9723,65.0
9724,70.0
9725,69.0
9726,182.0
9728,325.0
9732,145.0
9736,189.0
9740,65.0
9741,30.0
9743,340.0
9744,65.0
9745,80.0
9750,68.0
9753,35.0
9755,87.0
9757,80.0
9759,295.0
9762,95.0
9763,53.0
9764,92.0
9766,160.0
9773,160.0
9776,100.0
9777,50.0
9779,32.39
9781,130.0
9782,70.0
9786,225.0
9788,133.0
9790,60.0
9791,100.0
9793,175.0
9799,90.0
9800,87.0
9801,85.05
9802,265.0
9803,120.0
9805,150.0
9809,210.0
9810,270.0
9811,192.0
9813,20.0
9817,325.0
9818,135.0
9819,200.0
9820,146.0
9823,100.0
9824,280.0
9827,270.0
9830,320.0
9832,150.0
9833,270.0
9835,65.0
9843,95.0
9844,140.0
9846,240.0
9848,139.0
9852,65.0
9856,88.0
9858,240.0
9859,345.0
9860,316.0
9862,115.0
9863,17.0
9864,80.0
9865,200.0
9867,28.0
9869,120.0
9870,57.0
9872,62.0
9874,165.0
9876,90.0
9878,100.0
9884,300.0
9885,430.0
9886,120.0
9889,86.0
9890,265.0
9894,71.05
9896,78.0
9897,273.0
9902,310.0
9903,95.0
9904,89.5
9905,156.0
9906,70.0
9908,240.0
9910,93.0
9914,510.0
9916,300.0
9917,120.0
9920,39.82
9921,460.0
9924,68.0
9926,390.0
9927,48.0
9928,200.0
9929,90.0
9931,80.0
9933,72.0
9935,77.13
9937,210.0
9940,560.0
9942,72.0
9946,75.0
9947,90.0
9948,350.0
9950,110.0
9951,65.0
9953,75.0
9957,40.0
9959,150.0
9961,13.0
9962,325.0
9964,65.0
9968,55.0
9971,115.0
9977,90.0
9981,60.0
9983,200.0
9984,76.0
9986,76.0
9988,40.0
9991,130.0
9994,400.0
9995,82.0
9996,85.0
9998,270.0
9999,50.0
10000,55.0
10004,80.0
10006,120.0
10010,170.0
10011,190.0
10012,87.0
10013,80.0
10015,70.0
10016,83.0
10017,900.0
10019,98.0
10025,300.0
10028,165.0
10031,185.0
10035,70.0
10036,45.0
10037,120.0
10038,200.0
10040,65.0
10042,92.0
10045,97.0
10048,95.25
10049,110.0
10050,68.0
10051,70.0
10052,261.0
10053,68.0
10054,298.0
10056,100.0
10057,22.0
10058,193.0
10061,60.0
10062,220.0
10065,95.0
10067,140.0
10069,55.0
10073,185.0
10075,85.0
10076,200.0
10077,180.0
10079,25.5
10080,120.0
10081,115.0
10083,200.0
10084,200.0
10085,90.0
10086,40.0
10088,400.0
10090,499.0
10095,400.0
10096,150.0
10099,80.5
10103,165.0
10106,135.0
10107,68.0
10109,100.0
10110,27.0
10112,110.0
10115,95.0
10116,51.0
10120,71.95
10121,140.0
10125,55.0
10126,28.0
10127,90.0
10131,22.8
10132,24.0
10139,85.0
10142,185.0
10143,79.0
10144,90.0
10145,425.0
10146,425.0
10149,110.0
10150,24.0
10151,99.0
10152,130.0
10154,95.0
10155,180.0
10156,172.0
10166,132.0
10167,130.0
10169,102.0
10173,65.0
10175,72.0
10176,75.0
10177,20.0
10179,95.0
10182,22.5
10185,85.0
10186,73.0
10188,64.0
10189,120.0
10190,90.0
10191,285.0
10192,135.0
10194,58.0
10200,60.0
10201,94.28
10203,660.0
10207,230.0
10210,700.0
10212,183.0
10215,64.08
10218,90.0
10220,18.0
10222,140.0
10223,62.0
10225,140.0
10227,130.0
10231,64.0
10233,70.0
10234,200.0
10237,110.0
10238,26.0
10241,400.0
