,location,schools
0,1st Block Jayanagar,
1,1st Phase JP Nagar,
2,2nd Phase Judicial Layout,
3,2nd Stage Nagarbhavi,
4,5th Block Hbr Layout,
5,5th Phase JP Nagar,
6,6th Phase JP Nagar,
7,7th Phase JP Nagar,
8,8th Phase JP Nagar,
9,9th Phase JP Nagar,
10,AECS Layout,
11,Abbigere,
12,Akshaya Nagar,
13,Ambalipura,
14,Ambedkar Nagar,
15,Amruthahalli,
16,Anandapura,
17,Ananth Nagar,
18,Anekal,
19,Anjanapura,3
20,Ardendale,
21,Arekere,
22,Attibele,
23,BEML Layout,
24,BTM 2nd Stage,
25,BTM Layout,2
26,Babusapalaya,
27,Badavala Nagar,
28,Balagere,
29,Banashankari,3
30,Banashankari Stage II,
31,Banashankari Stage III,
32,Banashankari Stage V,
33,Banashankari Stage VI,
34,Banaswadi,
35,Banjara Layout,
36,Bannerghatta,
37,Bannerghatta Road,
38,Basavangudi,
39,Basaveshwara Nagar,1
40,Battarahalli,
41,Begur,4
42,Begur Road,
43,Bellandur,3
44,Benson Town,
45,Bharathi Nagar,2
46,Bhoganhalli,
47,Billekahalli,
48,Binny Pete,
49,Bisuvanahalli,
50,Bommanahalli,3
51,Bommasandra,1
52,Bommasandra Industrial Area,
53,Bommenahalli,
54,Brookefield,
55,Budigere,
56,CV Raman Nagar,
57,Chamrajpet,
58,Chandapura,
59,Channasandra,
60,Chikka Tirupathi,
61,Chikkabanavar,
62,Chikkalasandra,
63,Choodasandra,
64,Cooke Town,
65,Cox Town,
66,Cunningham Road,
67,Dasanapura,
68,Dasarahalli,13
69,Devanahalli,
70,Devarachikkanahalli,
71,Dodda Nekkundi,0
72,Doddaballapur,
73,Doddakallasandra,
74,Doddathoguru,
75,Domlur,3
76,Dommasandra,
77,EPIP Zone,
78,Electronic City,
79,Electronic City Phase II,
80,Electronics City Phase 1,
81,Frazer Town,
82,GM Palaya,
83,Garudachar Palya,
84,Giri Nagar,1
85,Gollarapalya Hosahalli,
86,Gottigere,2
87,Green Glen Layout,
88,Gubbalala,
89,Gunjur,
90,HAL 2nd Stage,
91,HBR Layout,5
92,HRBR Layout,
93,HSR Layout,3
94,Haralur Road,
95,Harlur,
96,Hebbal,3
97,Hebbal Kempapura,
98,Hegde Nagar,
99,Hennur,
100,Hennur Road,
101,Hoodi,
102,Horamavu Agara,
103,Horamavu Banaswadi,
104,Hormavu,
105,Hosa Road,
106,Hosakerehalli,0
107,Hoskote,
108,Hosur Road,
109,Hulimavu,
110,ISRO Layout,
111,ITPL,
112,Iblur Village,
113,Indira Nagar,
114,JP Nagar,1
115,Jakkur,14
116,Jalahalli,4
117,Jalahalli East,
118,Jigani,
119,Judicial Layout,
120,KR Puram,3
121,Kadubeesanahalli,
122,Kadugodi,7
123,Kaggadasapura,
124,Kaggalipura,
125,Kaikondrahalli,
126,Kalena Agrahara,
127,Kalyan nagar,
128,Kambipura,
129,Kammanahalli,1
130,Kammasandra,
131,Kanakapura,
132,Kanakpura Road,
133,Kannamangala,
134,Karuna Nagar,
135,Kasavanhalli,
136,Kasturi Nagar,
137,Kathriguppe,
138,Kaval Byrasandra,
139,Kenchenahalli,
140,Kengeri,4
141,Kengeri Satellite Town,
142,Kereguddadahalli,
143,Kodichikkanahalli,
144,Kodigehaali,
145,Kodigehalli,3
146,Kodihalli,
147,Kogilu,
148,Konanakunte,
149,Koramangala,1
150,Kothannur,
151,Kothanur,
152,Kudlu,
153,Kudlu Gate,
154,Kumaraswami Layout,
155,Kundalahalli,
156,LB Shastri Nagar,
157,Laggere,2
158,Lakshminarayana Pura,
159,Lingadheeranahalli,
160,Magadi Road,
161,Mahadevpura,
162,Mahalakshmi Layout,
163,Mallasandra,3
164,Malleshpalya,
165,Malleshwaram,4
166,Marathahalli,6
167,Margondanahalli,
168,Marsur,
169,Mico Layout,
170,Munnekollal,
171,Murugeshpalya,
172,Mysore Road,
173,NGR Layout,
174,NRI Layout,
175,Nagarbhavi,
176,Nagasandra,
177,Nagavara,7
178,Nagavarapalya,
179,Narayanapura,4
180,Neeladri Nagar,
181,Nehru Nagar,
182,OMBR Layout,
183,Old Airport Road,
184,Old Madras Road,
185,Padmanabhanagar,
186,Pai Layout,
187,Panathur,
188,Parappana Agrahara,
189,Pattandur Agrahara,
190,Poorna Pragna Layout,
191,Prithvi Layout,
192,R.T. Nagar,
193,Rachenahalli,
194,Raja Rajeshwari Nagar,
195,Rajaji Nagar,1
196,Rajiv Nagar,
197,Ramagondanahalli,
198,Ramamurthy Nagar,5
199,Rayasandra,
200,Sahakara Nagar,
201,Sanjay nagar,
202,Sarakki Nagar,
203,Sarjapur,
204,Sarjapur  Road,
205,Sarjapura - Attibele Road,
206,Sector 2 HSR Layout,
207,Sector 7 HSR Layout,
208,Seegehalli,
209,Shampura,
210,Shivaji Nagar,3
211,Singasandra,
212,Somasundara Palya,
213,Sompura,
214,Sonnenahalli,
215,Subramanyapura,
216,Sultan Palaya,
217,TC Palaya,
218,Talaghattapura,
219,Thanisandra,9
220,Thigalarapalya,
221,Thubarahalli,
222,Tindlu,
223,Tumkur Road,
224,Ulsoor,
225,Uttarahalli,2
226,Varthur,11
227,Varthur Road,
228,Vasanthapura,
229,Vidyaranyapura,2
230,Vijayanagar,
231,Vishveshwarya Layout,
232,Vishwapriya Layout,
233,Vittasandra,
234,Whitefield,
235,Yelachenahalli,
236,Yelahanka,4
237,Yelahanka New Town,
238,Yelenahalli,
239,Yeshwanthpur,3
240,other,015392441243113127023511233533323022001024852131613119205523239843035024983201111214271323162411112321143336732404360276304320131464231262254364546137325452342135942412413211451357432212433357123891447640153924412431131270235112335333230220010248521316131192055232398430350249832011112142713231624111123211433367324043602763043201314642312622543645461373254523421359423412413211451357432212433357123891447640153924412431131270235112335333230220010248521316131192055232398430350249832011112142713231624111123211433367324043602763043201314642312622543645461373254523421359423412413211451357432212433357123891447640153924412431131270235112335333230220010248521316131192055232398430350249832011112142713231624111123211433367324043602763043201314642312622543645461373254523421359423412413211451357432212433357123891476401539244124311312702351123353332302200102485213161311920552323984303502498320111121427132316241111232114333673240436027630432013146423126225436454613732545234213594234124132114513574322124333571238914476401539244124311312702351123353332302200102485213161311920552323984303502498320111121427132316241111232114333673240436027630432013146423126225436454613732545234213594234124132114513574322124333571238914476401539244124311312702351123353332302200102485213161311920552323984303502498320111121427132316241111232114333673240436027630432013146423126225436454613732545234213594234124132114513574322124333571238914476401539244124311312702351123353332302200102485213161311920552323984303502498320111121427132316241111232114333673240436027630432013146423126225436454613732545234213594234124132114513574322124333571238914476401539244124311312702351123353332302200102485213161311920552323984303502498320111121427132316241111232114333673240436027630432013146423126225436454613732545234213594234124132114513574322124333571238914476401539244124311312702351123353332302200102485213161311920552323984303502498320111121427132316241111232114333673240436027630432013146423126225436454613732545234213594234124132114513574322124333571238914476401539244124311312702351123353332302200102485213161311920552323984303502498320111121427132316241111232114333673240436027630432013146423126225436454613732545234213594234124132114513574322124333571389144764015392441243113127023511233533323022001024852131613119205523239843035024983201111214271323162411112321143336732404360276304320131464231262254364546137325452342135942341241321145135743221243335712389144764015392441243113127023511233533323022001024852131613119205523239843035024983201111214271323162411112321143336732404360276304320131464231262254364546137325452342135942341241321145135743221243335712389144764015392441243113127023511233533323022001024852131613920552323984303502498320111121427132316241111232114333673240436027630432013146423126225436454613732545234213594234124132114513574322124333571238914476401539244124311317023511233533323022001024852131613119205523239843035024983201111214271323162411112321143336732404360276304320131464231262254364546137325452342135942341241321145135743221243335712389144764015392441243113127023511233533323022001024852131613119205523239843035024983201111214271323162411112321143336732404360276304320131464231262254364546137325452342135942341241321145135743221243335712389144764015392441243113127023511233533323022001024852131613119205523239843035024983201111214271323162411112321143336732404360276304320131464231262254364546137325452342135942341241321145135743221243335712389144764015392441243113127023511233533323022001024852131613119205523239843035024983201111214271323162411112321143336732404360276304320131464231262254364546137325452342135942341241321145135743221243335712389144764015392441243113127023511233533323022001024852131613119205523239843035024983201111214271323162411112321143336732404360276304320131464231262254364546137325452342135942341241321145135743221243335712389144764015392441243113127023511233533323022001024852131613119205523239843035024983201111214271323162411112321143336732404360276304320131464231262254364546137325452342135942341241321145135743221243335712389144764015392441243113127023511233533323022001024852131613119205523239843035024983201111214271323162411112321143336732404360276304320131464231262254364546137325452342135942341241321145135743221243335712381447640153924412431131270235112335333230220010248521316131192055232398430350249832011112142713231624111123211433367324043602763043201314642312622543645461373254523421359423412413211451357432212433357123891447640153924412431131270235112335333230220010248521316131192055232398430350249832011112142713231624111123211433367324043602763043201314642312622543645461373254523421359423412413211451357432212433357123891447640153924412431131270235112335333230220010248521316131192055232398430350249832011112142713231624111123211433367324043602763043201314642312622543645461373254523421359423412413211451357432212433357123891447640153924412431131270235112335333230220010248521316131192055232398430350249832011112142713231624111123211433367324043602763043201314642312622543645461373254523421359423412413211451357432212433357123891447640153924412431131270235112335333230220010248521316131192055232398430350249832011112142713231624111123211433367324043602763043201314642312622543645461373254523421359423412413211451357432212433357123891447640153924412431131270235112335333230220010248521316131192055232398430350249832011112142713231624111123211433367324043602763043201314642312622543645461373254523421359423412413211451357432212433357123891447640153924412431131270235112335333230220010248521316131192055232398430350249832011112142713231624111123211433367324043602763043201314642312622543645461373254523421359423412413211451357432212433357123891447640153924412431131270235112335333230220010248521316131192055232398430350249832011112142713231624111123211433367324043602763043201314642312622543645461373254523421359423412413211451357432212433357123891447640153924412431131270235112335333230220010248521316131192055232398430350249832011112142713231624111123211433367240436027630432013146423126225436454613732545234213594234124132114513574322124333571238914476401539244124311312702351123353332302200102485213161311920552323984303502498320111121427132316241111232114333673240436027630432013146423126225436454613732545234213594234124132114513574322124333571238914476401539244124311312702351123353332302200102485213161311920552323984303502498320111121427132316241111232114333673240436027630432013146423126225436454613732545234213594234124132114513574322124333571238914476401539244124311312702351123353332302200102485213161311920552323984303502498320111121427132316241111232114333673240436027630432013146423126225436454613732545234213594234124132114513574322124333571238914476401539244124311312702351123353332302200102485213161311920552323984303502498320111121427132316241111232114333673240436027630432013146423126225436454613732545234213594234124132114513574322124333571238914476401539244124311312702351123353332302200102485213161311920552323984303502498320111121427132316241111232114333673240436027630432013146423126225436454613732545234213594234124132114513574322124333571238914476401539244124311312702351123353332302200102485213161311920552323984303502498320111121427132316241111232114333673240436027630432013146423126225436454613732545234213594234124132114513574322124333571238914476401539244124311312702351123353332302200102485213161311920552323984303502498320111121427132316241111232114333673240436027630432013146423126225436454613732545234213594234124132114513574322124333571238914476401539244124311312702351123353332302200102485213161311920552323984303502498320111121427132316241111232114333673240436027630432013146423126225436454613732545234213594234124132114513574322124333571238914476401539244124311312702351123353332302200102485213161311920552323984303502498320111121427132316241111232114333673240436027630432013146423126225436454613732545234213594234124132114513574322124333571238914476401539244124311312702351123353332302200102485213161311920552323984303502498320111121427132316241111232114333673240436027630432013146423126225436454613732545234213594234124132114513574322124333571238914476401539244124311312702351123353332302200102485213161311920552323984303502498320111121427132316241111232114333673240436027630432013146423126225436454613732545234213594234124132114513574322124333571238914476401539244124311312702351123353332302200102485213161311920552323984303502498320111121427132316241111232114333673240436027630432013146423126225436454613732545234213594234124132114135743221243335712389144764015392441243113127023511233533323022001024852131613119205523239843035024983201111214271323162411112321143336732404360276304320131464231262254364546137325452342135942341241321145135743221243335712389144764015392441243113127023511233533323022001024852131613119205523239843035024983201111214271323162411112321143336732404360276304320131464231262254364546137325452342135942341241321145135743221243335712389144764015392441243113127023511233533323022001024852131613119205523239843035024983201111214271323162411112321433367324043602763043201314642312622543645461373254523421359423412413211451357432212433357123891447640153924412431131270235112335333230220010248521316131192055232398430350249832011112142713231624111123211433367324043602763043201314642312622543645461373254523421359423412413211451357432212433357123891447640153924412431131270235112335333230220010248521316131192055232398430350249832011112142713231624111123211433367324043602763043201314642312622543645461373254523421359423412413211451357432212433357123891447640153924412431131270235112335333230220010248521316131192055232398430350249832011112142713231624111123211433367324043602763043201314642312622543645461373254523421359423412413211451357432212433357123891447640153924412431131270235112335333230220010248521316131192055232398430350249832011112142713231624111123211433367324043602763043201314642312622543645461373254523421359423412413211451357432212433357123891447640153924412431131270235112335333230220010248521316131192055232398430350249832011112142713231624111123211433367324043602763043201314642312622543645461373254523421359423412413211451357432212433357123891447640153924412431131270235112335333230220010248521316131192055232398430350249832011112142713231624111123211433367324043602763043201314642312622543645461373254523421359423412413211451357432212433357123891447640153924412431131270235112335333230220010248521316131192055232398430350249832011112142713231624111123211433367324043602763043201314642312622543645461373254523421359423412413211451357432212433357123891447640153924412431131270235112335333230220010248521316131192055232398430350249832011112142713231624111123211433367324043602763043201314642312622543645461373254523421359423412413211451357432212433357123891447640153924412431131270235112335333230220010248521316131192055232398430350249832011112142713231624111123211433367324043602763043201314642312622543645461373254523421359423412413211451357432212433357123891447640153924412431131270235112335333230220010248521316131192055232398430350249832011112142713231624111123211433367324043602763043201314642312622543645461373254523421359423412413211451357432212433357123891447640153924412431131270235112335333230220010248521316131192055232398430350249832011112142713231624111123211433367324043602763043201314642312622543645461373254523421359423412413211451357432212433357123891447640153924412431131270235112335333230220010248521316131192055232398430350249832011112142713231624111123211433367324043602763043201314642312622543645461373254523421359423412413211451357432212433357123891447640153924412431131270235112335333230220010248521316131192055232398430350249832011112142713231624111123211433367324043602763043201314642312622543645461373254523421359423412413211451357432212433357123891447640153924412431131270235112335333230220010248521316131192055232398430350249832011112142713231624111123211433367324043602763043201314642312622543645461373254523421359423412413211451357432212433357123891447640153924412431131270235112335333230220010248521316131192055232398430350249832011112142713231624111123211433367324043602763043201314642312622543645461373254523421359423412413211451357432212433357123891447640153924412431131270235112335333230220010248521316131192055232398430350249832011112142713231624111123211433367324043602763043201314642312622543645613732545234213594234124132114513574322124333571238914476401539244124311312702351123353332302200102485213161311920552323984303502498320111121427132316241111232114333673240436027630432013146423126225436454613732545234213594234124132114513574322124333571238914476401539244124311312702351123353332302200102485213161311920552323984303502498320111121427132316241111232114333673240436027630432013146423126225436454613732545234213594234124132114513543221243335712389144764015392441243113127023511233533323022001024852131613119205523239843035024983201111214271323162411112321143336732404360276304320131464231262254364546137325452342135942341241321145135743221243335712389144764015392441243113127023511233533323022001024852131613119205523239843035024983201111214271323162411112321143336732404360276304320131464231262254364546137325452342135942341241321145135743221243335712389144764015392441243113127023511233533323022001024852131613119205523239843035024983201111214271323162411112321143336732404360276304320131464231262254364546137325452342135942341241321145135743221243335712389144764015392441243113127023511233533323022001024852131613119205523239843035024983201111214271323162411112321143336732404360276304320131464231262254364546137325452342135942341241321145135743221243335712389144764015392441243113127023511233533323022001024852131613119205523239843035024983201111214271323162411112321143336732404360276304320131464231262254364546137325452342135942341241321145135743221243335712389144764015392441243113127023511233533323022001024852131613119205523239843035024983201111214271323162411112321143336732404360276304320131464231262254364546137325452342135942341241321145135743221243335712389144764015392441243113127023511233533323022001024852131613119205523239843035024983201111214271323162411112321143336732404360276304320131464231262254364546137325452342135942341241321145135743221243335712389144764015392441243113127023511233533323022001024852131613119205523239843035024983201111214271323162411112321143336732404360276304320131464231262254364546137325452342135942341241321145135743221243335712389144764015392441243113127023511233533323022001024852131613119205523239843035024983201111214271323162411112321143336732404360276304320131464231262254364546137325452342135942341241321145135743221243335712389144764015392441243113127023511233533323022001024852131613119205523239843035024983201111214271323162411112321143336732404360276304320131464231262254364546137325452342135942341241321145135743221243335712389144764015392441243113127023511233533323022001024852131613119205523239843035024983201111214271323162411112321143336732404302763043201314642312622543645461373254523421359423412413211451357432212433357123891447640153924412431131270235112335333230220010248521316131192055232398430350249832011112142713231624111123211433367324043602763043201314642312622543645461373254523213594234124132114513574322124333571238914476401539244124311312702351123353332302200102485213161311920552323984303502498320111121427132316241111232114333673240436027630432013146423126225436454613732545234213594234124132114513574322124333571238914476401539244124311312702351123353332302200102485213161311920552323984303502498320111121427132316241111232114333673240436027630432013146423126225436454613732545234213594234124132114513574322124335712389144764015392441243113127023511233533323022001024852131613119205523239843035024983201111214271323162411112321143336732404360276304320131464231262254364546137325452342135942341241321145135743221243335712389144764015392441243113127023511233533323022001024852131613119205523239843035024983201111214271323162411112321143336732404360276304320131464231262254364546137325452342135942341241321145135743221243335712389144764015392441243113127023511233533323022001024852131613119205523239843035024983201111214271323162411112321143336732404360276304320131464231262254364546137325452342135942341241321145135743221243335712389144764015392441243113127023511233533323022001024852131613119205523239843035024983201111214271323162411112321143336732404360276304320131464231262254364546137325452342135942341241321145135743221243335712389144764015392441243113127023511233533323022001024852131613119205523239843035024983201111214271323162411112321143336732404360276304320131464231262254364546137325452342135942341241321145135743221243335712389144764015392441243113127023511233533323022001024852131613119205523239843035024983201111214271323162411112321143336732404360276304320131464312622543645461373254523421359423412413211451357432212433357123891447640153924412431131270235112335333230220010248521316131192055232398430350249832011112142713231624111123211433367324043602763043201314642312622543645461373254523421359423412413211451357432212433357123891447640153924412431131270235112335333230220010248521316131192055232398430350249832011112142713231624111123211433367324043602763043201314642312622543645461373254523421359423412413211451357432212433357123891447640153924412431131270235112335333230220010248521316131192055232398430350249832011112142713231624111123211433367324043602763043201314642312622543645461373254523421359423412413211451357432212433357123891447640153924412431131270235112335333230220010248521316131192055232398430350249832011112142713231624111123211433367324043602763043201314642312622543645461373254523421359423412413211451357432212433357123891447640153924412431131270235112335333230220010248521316131192055232398430350249832011112142713231624111123211433367324043602763043201314642312622543645461373254523421359423412413211451357432212433357123891447640153924412431131270235112335333230220010248521316131192055232398430350249832011112142713231624111123211433367324043602763043201314642312622543645461373254523421359423412413211451357432212433357123891447640153924412431131270235112335333230220010248521316131192055232398430350249832011112142713231624111123211433367324043602763043201314642312622543645461373254523421359423412413211451357432212433357123891447640153924412431131270235112335333230220010248521316311920552323984303502498320111121427132316241111232114333673240436027630432013146423126225436454613732545234213594234124132114513574322124333571238914476401539244124311312702351123353332302200102485213161311920552323984303502498320111121427132316241111232114333673240436027630432013146423126225436454613732545234213594234124132114513574322124333571238914476401539244124311312702351123353332302200102485213161311920552323984303502498320111121427132316241111232114333673240436027630432013146423126225436454613732545234213594234124132114513574322124333571238914476401539244124311312702351123353332302200102485213161311920552323984303502498320111121427132316241111232114333673240436027630432013146423126225436454613732545234213594234124132114513574322124333571238914476401539244124311312702351123353332302200102485213161311920552323984303502498320111121427132316241111232114333673240436027630432013146423126225436454613732545234213594234124132114513574322124333571289144764015392441243113127023511233533323022001024852131613119205523239843035024983201111214271323162411112321143336732404360276304320131464231262254364546137325452342135942341241321145135743221243335712389144764015392441243113127023511233533323022001024852131613119205523239843035024983201111214271323162411112321143336732404360276304320131464231262254364546137325452342135942341241321145135743221243335712389144764015392441243113127023511233533323022001024852131613119205523239843035024983201111214271323162411112321143336732404360276304320131464231262254364546137325452342135942341241321145135743221243335712389144764015392441243113127023511233533323022001024852131613119205523239843035024983201111214271323162411112321143336732404360276304320131464231262254364546137325452342135942341241321145135743221243335712389144764015392441243113127023511233533323022001028521316131192055232398430350249832011112142713231624111123211433367324043602763043201314642312622543645461373254523421359423412413211451357432212433357123891447640153924412431131270235112335333230220010248521316131192055232398430350249832011112142713231624111123211433367324043602763043201314642312622543645461373254523421359423412413211451357432212433357123891447640153924412431131270235112335333230220010248521316131192055232398430350249832011112142713231624111123211433367324043602763043201314642312622543645461373254523421359423412413211451357432212433357123891447640153924412431131270235112335333230220010248521316131192055232398430350249832011112142713231624111123211433367324043602763043201314642312622543645461373254523421359423412413211451357432212433357123891447640153924412431131270235112335333230220010248521316131192055232398430350249832011112142713231624111123211433367324043602763043201314642312622543645461373254523421359423412413211451357432212433357123891447640153924412431131270235112335333230220010248521316131192055232398430350249832011112142713231624111123211433367324043602763043201314642312622543645461373254523421359423412413211451357432212433357123891447640153924412431131270235112335333230220010248521316131192055232398430350249832011112142713231624111123211433367324043602763043201314642312622543645461373254523421359423412413211451357432212433357123891447640153924412431131270235112335333230220010248521316131192055232398430350249832011112142713231624111123211433367324043602763043201314642312622543645461373254523421359423412413211451357432212433357123891447640153924412431131270235112335333230220010248521316131192055232398430350249832011112142713231624111123211433367324043602763043201314642312622543645461373254523421359423412413211451357432212433357123891447640153924412431131270235112335333230220010248521316131192055232398430350249832011112142713231624111123211433367324043602763043201314642312622543645461373254523421359423412413211451357432212433357123891447640153924412431131270235112335333230220010248521316131192055232398430350249832011112142713231624111123211433367324043602763043201314642312622543645461373254523421359423412413211451357432212433357123891447640153924412431131270235112335333230220010248521316131192055232398430350249832011112142713231624111123211433367324043602763043201314642312622543645461373254523421359423412413214513574322124333571238914476401539244124311312702351123353332302200102485213161311920552323984303502498320111121427132316241111232114333673240436027630432013146423126225436454613732545234213594234124132114513574322124333571238914476401539244124311312702351123353332302200102485213161311920552323984303502498320111121427132316241111232114333673240436027630432013146423126225436454613732545234213594234124132114513574322124333571238914476401539244124311312702351123353332302200102485213161311920552323984303502498320111121427132316241111232114333673240436027630432013146423126225436454613732545234213594234124132114513574322124333571238914476401539244124311312702351123353332302200102485213161311920552323984303502498320111121427132316241111232114333673240436027630432013146423126225436454613732545234213594234124132114513574322124333571238914476401539244124311312702351123353332302200102485213161311920552323984303502498320111121427132316241111232114333673240436027630432013146423126225436454613732545234213594234124132114513574322124333571238914476401539244124311312702351123353332302200102485213161311920552323984303502498320111121427132316241111232114333673240436027630432013146423126225436454613732545234213594234124132114513574322124333571238914476401539244124311312702351123353332302200102485213161311920552323984303502498320111121427132316241111232114333673240436026304320131464231262254364546137325452342135942341241321145135743221243335712389144764015392441243113127023511233533323022001024852131613119205523239843035024983201111214271323162411112321143336732404360276304320131464231262254364546137325452342135942341241321145135743221243335712389144764015392441243113127023511233533323022001024852131613119205523239843035024983201111214271323162411112321143336732404360276304320131464231262254364546137254523421359423412413211451357432212433357123891447640153924412431131270235112335333230220010248521316131192055232398430350249832011112142713231624111123211433367324043602763043201314642312622543645461373254523421359423412413211451357432212433357123891447640153924412431131270235112335333230220010248521316131192055232398430350249832011112142713231624111123211433367324043602763043201314642312622543645461373254523421359423412413211451357432212433357123891447640153924412431131270235112335333230220010248521316131192055232398430350249832011112142713231624111123211433367324043602763043201314642312622543645461373254523421359423412413211451357432212433357123891447640153924412431131270235112335333230220010248521316131192055232398430350249832011112142713231624111123211433367324043602763043201314642312622543645461373254523421359423412413211451357432212333571238914476401539244124311312702351123353332302200102485213161311920552323984303502498320111121427132316241111232114333673240436027630432013146423126225436454613732545234213594234124132114513574322124333571238947640153924412431131270235123353332302200102485213161311920552323984303502498320111121427132316241111232114333673240436027630432013146423126225436454613732545234213594234124132114513574322124333571238914476401539244124311312702351123353332302200102485213161311920552323984303502498320111121427132316241111232114333673240436027630432013146423126225436454613732545234213594234124132114513574322124333571238914476401539244124311312702351123353332302200102485213161311920552323984303502498320111121427132316241111232114333673240436027630432013146423126225436454613732545234213594234124132114513574322124333571238914476401539244124311312702351123353332302200102485213161311920552323984303502498320111121427132316241111232114333673240436027630432013146423126225436454613732545234213594234124132114513574322124333571238914476401539244124311312702351123353332302200102485213161311920552323984303502498320111121427132316241111232114333673240436027630432013146423126225436454613732545234213594234124132114513574322124333571238914476401539244124311312702351123353332302200102485213161311920552323984303502498320111121427132316241111232114333673240436027630432013146423126225436454613732545234213594234124132114513574322124333571238914476401539244124311312702351123353332302200102485213161311920552323984303502498320111121427132316241111232114333673240436027630432013146423126225436454613732545234213594234124132114513574322124333571238914476401539244124311312702351123353332302200102485213161311920552323984303502498320111121427132316241111232114333673240436027630432013146423126225436454613732545234213594234124132114513574322124333571238914476401539244124311312702351123353332302200124852131613119205523239843035024983201111214271323162411112321143336732404360276304320131464231262254364546137325452342135942341241321145135743221243335712389144764015392441243113127023511233533323022001024852131613119205523239843035024983201111214271323162411112321143336732404360276304320131464231262254364546137325452342135942341241321145135743221243335712389144764015392441243113127023511233533323022001024852131613119205523239843035024983201111214271323162411112321143336732404360276304320131464231262254364546137325452342135942341241321145135743221243335712389144764015392441243113127023511233533323022001024852131613119205523239843035024983201111214271323162411112321143336732404360276304320131464231262254364546137325452342135942341241321145135743221243335712389144764015392441243113127023511233533323022001024852131613119205523239843035024983201111214271323162411112321143336732404360276304320131464231262254364546137325452342135942341241321145135743221243335712389144764015392441243113127023511233533323022001024852131613119205523239843035024983201111214271323162411112321143336732404360276304320131464231262254364546137325452342135942341241321145135743221243335712389144764015392441243113127023511233533323022001024852131613119205523239843035024983201111214271323162411112321143336732404360276304320131464231262254364546137325452342135942341241321145135743221243335712389144764015392441243113127023511233533323022001024852131613119205523239843035024983201111214271323162411112321143336732404360276304320131464231262254364546137325452342135942341241321145135743221243335712389144764015392441243113127023511233533323022001024852131613119205523239843035024983201111214271323162411112321143336732404360276304320131464231262254364546137325452342135942341241321145135743221243335712389144764015392441243113127023511233533323022001024852131613119205523239843035024983201111214271323162411112321143336732404360276304320131464231262254364546137325452342135942341241321145135743221243335712389144764015392441243113127023511233533323022001024852131613119205523239843035024983201111214271323162411112321143336732404360276304320131464231262254364546137325452342135942341241321145135742212433357123891447640153924412431131270235112335333230220010248521316131192055232398430350249832011112142713231624111123211433367324043602763043201314642312622543645461373254523421359423412413211451357432212433357123891447640153924412431131270235112335333230220010248521316131192055232398430350249832011112142713231624111123211433367324043602763043201314642312622543645461373254523421359423412413211451357432212433357123891447640153924412431131270235112353332302200102485213161311920552323984303502498320111121427132316241111232114333673240436027630432013146423126225436454613732545234213594234124132114513574322124333571238914476401539244124311312702351123353332302200102485213161311920552323984303502498320111121427132316241111232114333673240436027630432013146423126225436454613732545234213594234124132114513574322124333571238914476401539244124311312702351123353332302200102485213161311920552323984303502498320111121427132316241111232114333673240436027630432013146423126225436454613732545234213594234124132114513743221243335712389144764015392441243113127023511233533323022001024852131613119205523239843035024983201111214271323162411112321143336732404360276304320131464231262254364546137325452342135942341241321145135743221243335712389144764015392441243113127023511233533323022001024852131613119205523239843035024983201111214271323162411112321143336732404360276304320131464231262254364546137325452342135942341241321145135743221243335712389144764015392441243113127023511233533323022001024852131613119205523239843035024983201111214271323162411112321143336732404360276304320131464231262254364546137325452342135942341241321145135743221243335712389144764015392441243113127023511233533323022001024852131613119205523239843035024983201111214271323162411112321143336732404360276304320131464231262254364546137325452342135942341241321145135743221243335712389144764015394412431131270235112335333230220010248521316131192055232398430350249832011112142713231624111123211433367324043602763043201314642312622543645461373254523421359423412413211451357432212433357123891447640153924412431131270235112335333230220010248521316131192055232398430350249832011112142713231624111123211433367324043602763043201314642312622543645461373254523421359423412413211451357432212433357123891447640153924412431131270235112335333230220002485213161311920552323984303502498320111121427132316241111232114333673240436027630432013146423126225436454613732545234213594234124132114513574322124333571238914476401539244124311312702351123353332302200102485213161311920552323984303502498320111121427132316241111232114333673240436027630432013146423126225436454613732545234213594234124132114513574322124333571238914476401539244124311312702351123353332302200102485213161311920552323984303502498320111121427132316241111232114333673240436027630432013146423126225436454613732545234213594234124132114513574322124333571238914476401539244124311312702351123353332302200102485213161311920552323984303502498320111121427132316241111232114333673240436027630432013146423126225436454613732545234213594234124132114513574322124333571238914476401539244124311312702351123353332302200102485213161311920552323984303502498320111121427132316241111232114333673240436027630432013146423126225436454613732545234213594234124132114513574322124333571238914476401539244124311312702351123353332302200102485213161311920552323984303502498320111121427132316241111232114333673240436027630432013146423126225436454613732545234213594234124132114513574322124333571238914476401539244124311312702351123353332302200102485213161311920552323984303502498320111121427132316241111232114333673240436027630432013146423126225436454613732545234213594234124132114513574322124333571238914476401539244124311312702351123353332302200102485213161311920552323984303502498320111121427132316241111232114333673240436027630432013146423126225436454613732545234213594234124132114513574322124333571238914476401539244124311312702351123353332302200102485213161311920552323984303502498320111121427132316241111232114333673240436027630432013146423126225436454613732545234213594234124132114513574322124333571238914476401539244124311312702351123353332302200102485213161311920552323984303502498320111121427132162411112321143336732404360276304320131464231262254364546137325452342135942341241321145135743221243335712389144764015392441243113127023511233533323022001024852131613119205523239843035024983201111214271323162411112321143336732404360276304320131464231262254364546137325452342135942341241321145135743221243335712389144764015392441243113127023511233533323022001024852131613119205523239843035024983201111214271323162411112321143336732404360276304320131464231262254364546137325452342135942341241321145135743221243335712389144764015392441243113127023511233533323022001024852131613119205523239843035024983201111214271323162411112321143336732404360276304320131464231262254364546137325452342135942341241321145135743221243335712389144764015392441243113127023511233533323022001024852131613119205523239843035024983201111214271323162411112321143336732404362763043201314642312622543645461373254523421359423412413211451357432212433357123891447640153924412431131270235112335333230220010248521316131192055232398430350249832011112142713231624111123211433367324043602763043201314642312622543645461373254523421359423412413211451357432212433357123891447640153924412431131270235112335333230220010248521316131192055232398430350249832011112142713231624111123211433367324043602763043201314642312622543645461373254523421359423412413211451357432212433357123891447640153924412431131270235112335333230220010248521316131192055232398430350249832011112142713231624111232114333673240436027630432013146423126225436454613732545234213594234124132114513574322124335712389144764015392441243113127023511233533323022001024852131613119205523239843035024983201111214271323162411112321143336732404360276304320131464231262254364546137325452342135942341241321145135743221243335712389144764015392441243113127023511233533323022001024852131613119205523239843035024983201111214271323162411112321143336732404360276304320131464231262254364546137325452342135942341241321145135743221243335712389144764015392441243113127023511233533323022001024852131613119205523239843035024983201111214271323162411112321143336732404360276304320131464231262254364546137325452342135942341241321145135743221243335712389144764015392441243113127023511233533323022001024852131613119205523239843035024983201111214271323162411112321143336732404360276304320131464231262254364546137325452342135942341241321145135743221243335712389144764015392441243113127023511233533323022001024852131613119205523239843035024983201111214271323162411112321143336732404360276304320131464231262254364546137325452342135942341241321145135743221243335712389144764015392441243113127023511233533323022001024852131613119205523239843035024983201111214271323162411112321143336732404360276304320131464231262254364546137325452342135942341241321145135743221243335712389144764015392441243113127023511233533323022001024852131613119205523239843035024983201111214271323162411112321143336732404360276304320131464231262254364546137325452342135942341241321145135743221243335712389144764015392441243113127023511233533323022001024852131613119205523239843035024983201111214271323162411112321143336732404360276304320131464231262254364546137325452342135942341241321145135743221243335712389144764015392441243113127023511233533323022001024852131613119205523239843035024983201111214271323162411112321143336732404360276304320131464231262254364546137325452342135942341241321145135743221243335712389144764015392441243113127023511233533323022001024852131613119205523239843035024983201111214271323162411112321143336732404360276304320131464231262254364546137325452342135942341241321145135743221243335712389144764015392441243113127023511233533323022001024852131613119205523239843035024983201111214271323162411112321143336732404360276304320131464231262254364546137325452342135942341241321145135743221243335712389144764015392441243113127023511233533323022001024852131613119205523239843035024983201111214271323162411112321143336732404360276304320131464231262254364546137325452342135942341241321145135743221243335712389144764015392441243113127023511233533323022001024852131613119205523239843035024983201111214271323162411112321143336732404360276304320131464231262254364546137325452342135942341241321145135743221243335712389144764015392441243113127023511233533323022001024852131613119205523239843035024983201111214271323162411112321143336732404360276304320131464231262254364546137325452342135942341241321145135743221243335712389144764015392441243113127023511233533323022001024852131613119205523239843035024983201111214271323162411112321143336732404360276304320131464231262254364546137325452342135942341241321145135743221243335712389144764015392441243113127023511233533323022001024852131613119205523239843035024983201111214271323162411112321143336732404360276304320131464231262254364546137325452342135942341241321145135743221243335712389144764015392441243113127023511233533323022001024852131613119205523239843035024983201111214271323162411112321143336732404360276304320131464231262254364546137325452342135942341241321145135743221243335723891447640153924412431131270235112353332302200102485213161311920552323984303502498320111121427132316241111232114333673240436027630432013146423126225436454613732545234213594234124132114513574322124333571238914476401539244124311312702351123353332302200102485213161311920552323984303502498320111121427132316241111232114333673240436027630432013146423126225436454613732545234213594234124132114513574322124333571238914476401539244124311312702351123353332302200102485213161311920552323984303502498320111121427132316241111232114333673240436027630432013146423126225436454613732545234213594234124132114513574322124333571238914476401539244124311312702351123353332302200102485213161311920552323984303502498320111121427132316241111232114333673240436027630432013146423126225436454613732545234213594234124132114513574322124333571238914476401539244124311312702351123353332302200102485213161311920552323984303502498320111121427132316241111232114333673240436027630432013146423126225436454613732545234213594234124132114513574322124333571238914476401539244124311312702351123353332302200102485213161311920552323984303502498320111121427132316241111232114333673404360276304320131464231262254364546137325452342135942341241321145135743221243335712389144764015392441243113127023511233533323022001024852131613119205523239843035024983201111214271323162411112321143336732404360276304320131464231262254364546137325452342135942341241321145135743221243335712389144764015392441243113127023511233533323022001024852131611192055232398430350249832011112142713231624111123211433367324043602763043201314642312622543645461373254523421359423412413211451357432212433357123891447640153924412431131270235112335333230220010248521316131192055232398430350249832011112142713231624111123211433367324043602763043201314642312622543645461373254523421359423412413211451357432212433357123891447640153924124311312702351123353332302200102485213161311920552323984303502498320111121427132316241111232114333673240436027630432013146423126225436454613732545234213594234124132114513574322124333571238914476401539244124311312702351123353332302200102485213161311920552323984303502498320111121427132316241111232114333673240436027630432013146423126225436454613732545234213594234124132114513574322124333571238914476401539244124311312702351123353332302200102485213161311920552323984303502498320111121427132316241111232143336732404360276304320131464231262254364546137325452342135942341241321145135743221243335712389144764015392441243113127023511233533323022001024852131613119205523239843035024983201111214271323162411112321143336732404360276304320131464231262254364546137325452342135942341241321145135743221243335712389144764015392441243113127023511233533323022001024852131613119205523239843035024983201111214271323162411112321143336732404360276304320131464231262254364546137325452342135942341241321145135743221243335712389144764015392441243113127023511233533323022001024852131613119205523239843035024983201111214271323162411112321143336732404360276304320131464231262254364546137325452342135942341241321145135743221243335712389144764015392441243113127023511233533323022001024852131613119205523239843035024983201111214271323162411112321143336732404360276304320131464231262254364546137325452342135942341241321145135743221243335712389144764015392441243113127023511233533323022001024852131613119205523239843035024983201111214271323162411112321143336732404360276304320131464231262254364546137325452342135942341241321145135743221243335712389144764015392441243113127023511233533323022001024852131613119205523239843035024983201111214271323162411112321143336732404360276304320131464231262254364546137325452342135942341241321145135743221243335712389144764015392441243113127023511233533323022001024852131613119205523239843035024983201111214271323162411112321143336732404360276304320131464231262254364546137325452342135942341241321145135743221243335712389144764015392441243113127023511233533323022001024852131613119205523239843035024983201111214271323162411112321143336732404360276304320131464231262254364546137325452342135942341241321145135743221243335712389144764015392441243113127023511233533323022001024852131613119205523239843035024983201111214271323162411112321143336732404360276304320131464231262254364546137325452342135942341241321145135743221243335712389144764015392441243113127025112335333230220010248521316131192055232398430350249832011112142713231624111123211433367324043602763043201314642312622543645461373254523421359423412413211451357432212433357123891447640153924412431131270235112335333230220010248521316131192055232398430350249832011112142713231624111123211433367324043602763043201314642312622543645461373254523421359423412413211451357432212433357123891447640153924412431131270235112335333230220010248521316131192055232398430350249832011112142713231624111123211433367324043602763043201314642312622543645461373254523421359423412413211451357432212433357123891447640153924412431131270235112335333230220010248521316131192055232398430350249832011112142713231624111123211433367324043602763043201314642312622543645461373254523421359423412413211451357432212433357123891447640153924412431131270235113353332302200102485213161311920552323984303502498320111121427132316241111232114333673240436027630432013146423126225436454613732545234213594234124132114513574322124333571238914476401539244124311312702351123353332302200102485213161311920552323984303502498320111121427132316241111232114333673240436027630432013146423126225436454613732545234213594234124132114513574322124333571238914476401539244124311312702351123353332302200102485213161311920552323984303502498320111121427132316241111232114333673240436027630432013146423126225436454613732545234213594234124132114513574322124333571238914476401539244124311312702351123353332302200102485213161311920552323984303502498320111121427132316241111232114333673240436027630432013146423126225436454613732545234213594234124132114513574322124333571238914476401539244124311312702351123353332302200102485213161311920552323984303502498320111121427132316241111232114333673240436027630432013146423126225436454613732545234213594234124132114513574322124333571238914476401539244124311312702351123353332302200102485213161311920552323984303502498320111121427132316241111232114333673240436027630432013146423126225436454613732545234213594234124132114513574322124333571238914476401592441243113127023511233533323022001024852131613119205523239843035024983201111214271323162411112321143336732404360276304320131464231262254364546137325452342135942341241321145135743221243335712389144764015392441243113127023511233533323022001024852131613119205523239843035024983201111214271323162411112321143336732404360276304320131464231262254364546137325452342135942341241321145135743221243335712389144764015392441243113127023511233533323022001024852131613119205523239843035024983201111214271323162411112321143336732404360276304320131464231262254364546137325452342135942341241321145135743221243335712389144764015392441243113127023511233533323022001024852131613119205523239843035024983201111214271323162411112321143336732404360276304320131464231262254364546137325452342135942341241321145135743221243335712389144764015392441243113127023511233533323022001024852131613119205523239843035024983201111214271323162411112321143336732404360276304320131464231262254364546137325452342135942341241321145135743221243335712389144764015392441243113127023511233533323022001024852131613119205523239843035024983201111214271323162411112321143336732404360276304320131464231262254364546137325452342135942341241321145135743221243335712389144764015392441243113127023511233533323022001024852131613119205523239843035024983201111214271323162411112321143336732404360276304320131464231262254364546137325452342135942341241321145135743221243335712389144764015392441243113127023511233533323022001024852131613119205523239843035024983201111214271323162411112321143336732404360276304320131464231262254364546137325452342135942341241321145135743221243335712389144764015392441243113127023511233533323022001024852131613119205523239843035024983201111214271323162411112321143336732404360276304320131464231262254364546137325452342135942341241321145135743221243335712389144764015392441243113127023511233533323022001024852131613119205523239843035024983201111214271323162411112321143336732404360276304320131464231262254364546137325452342135942341241321145135743221243335712389144764015392441243113127023511233533323022001024852131613119205523239843035024983201111214271323162411112321143336732404360276304320131464231262254364546137325452342135942341241321145135743221243335712389144764015392441243113127023511233533323022001024852131613119205523239843035024983201111214271323162411112321143336732404360276304320131464231262254364546137325452342135942341241321145135743221243335712389144764015392441243113127023511233533323022001024852131613119205523239843035024983201111214271323162411112321143336732404360276304320131464231262254364546137325452342135942341241321145135743221243335712389144764015392441243113127023511233533323022001024852131613119205523239843035024983201111214271323162411112321143336732404360276304320131464231262254364546137325452342135942341241321145135743221243335712389144764015392441243113127023511233533323022001024852131613119205523239843035024983201111214271323162411112321143336732404360276304320131464231262254364546137325452342135942341241321145135743221243335712389144764015392441243113127023511233533323022001024852131613119205523239843035024983201111214271323162411112321143336732404360276304320131464231262254364546137325452342135942341241321145135743221243335712389144764015392441243113127023511233533323022001024852131613119205523239843035024983201111214271323162411112321143336732404360276304320131464231262254364546137325452342135942341241321145135743221243335712389144764015392441243113127023511233533323022001024852131613119205523239843035024983201111214271323162411112321143336732404360276304320131464231262254364546137325452342135942341241321145135743221243335712389144764015392441243113127023511233533323022001024852131613119205523239843035024983201111214271323162411112321143336732404360276304320131464231262254364546137325452342135942341241321145135743221243335712389144764015392441243113127023511233533323022001024852131613119205523239843035024983201111214271323162411112321143336732404360276304320131464231262254364546137325452342135942341241321145135743221243335712389144764
